letter,state,sweep,no_of_APs,AP_frequency,cell,sex,X,Y,age,animal,synapses,treatment,category,R_a,notes,days_alone,animal_or_slicing_problems
RMA1,Baseline,1,1,0,1.1.3,Female,NA,NA,30,1,Glutamate,Control,2,"1.3, 1.4, 1.4, 1.4, 1.3, 1.4",,1,NA
RMA1,Baseline,2,0,0,1.1.3,Female,NA,NA,30,1,Glutamate,Control,2,"1.3, 1.4, 1.4, 1.4, 1.3, 1.4",,1,NA
RMA1,Baseline,3,0,0,1.1.3,Female,NA,NA,30,1,Glutamate,Control,2,"1.3, 1.4, 1.4, 1.4, 1.3, 1.4",,1,NA
RMA1,Baseline,4,0,0,1.1.3,Female,NA,NA,30,1,Glutamate,Control,2,"1.3, 1.4, 1.4, 1.4, 1.3, 1.4",,1,NA
RMA1,Baseline,5,5,10,1.1.3,Female,NA,NA,30,1,Glutamate,Control,2,"1.3, 1.4, 1.4, 1.4, 1.3, 1.4",,1,NA
RMA1,Baseline,6,5,10,1.1.3,Female,NA,NA,30,1,Glutamate,Control,2,"1.3, 1.4, 1.4, 1.4, 1.3, 1.4",,1,NA
RMA1,Baseline,7,7,14,1.1.3,Female,NA,NA,30,1,Glutamate,Control,2,"1.3, 1.4, 1.4, 1.4, 1.3, 1.4",,1,NA
RMA1,Baseline,8,9,18,1.1.3,Female,NA,NA,30,1,Glutamate,Control,2,"1.3, 1.4, 1.4, 1.4, 1.3, 1.4",,1,NA
RMA1,Baseline,9,9,18,1.1.3,Female,NA,NA,30,1,Glutamate,Control,2,"1.3, 1.4, 1.4, 1.4, 1.3, 1.4",,1,NA
RMA1,Baseline,10,10,20,1.1.3,Female,NA,NA,30,1,Glutamate,Control,2,"1.3, 1.4, 1.4, 1.4, 1.3, 1.4",,1,NA
RMA1,HFS,1,0,0,1.1.3,Female,NA,NA,30,1,Glutamate,Control,2,"1.3, 1.4, 1.4, 1.4, 1.3, 1.4",,1,NA
RMA1,HFS,2,0,0,1.1.3,Female,NA,NA,30,1,Glutamate,Control,2,"1.3, 1.4, 1.4, 1.4, 1.3, 1.4",,1,NA
RMA1,HFS,3,0,0,1.1.3,Female,NA,NA,30,1,Glutamate,Control,2,"1.3, 1.4, 1.4, 1.4, 1.3, 1.4",,1,NA
RMA1,HFS,4,0,0,1.1.3,Female,NA,NA,30,1,Glutamate,Control,2,"1.3, 1.4, 1.4, 1.4, 1.3, 1.4",,1,NA
RMA1,HFS,5,1,2,1.1.3,Female,NA,NA,30,1,Glutamate,Control,2,"1.3, 1.4, 1.4, 1.4, 1.3, 1.4",,1,NA
RMA1,HFS,6,1,2,1.1.3,Female,NA,NA,30,1,Glutamate,Control,2,"1.3, 1.4, 1.4, 1.4, 1.3, 1.4",,1,NA
RMA1,HFS,7,1,2,1.1.3,Female,NA,NA,30,1,Glutamate,Control,2,"1.3, 1.4, 1.4, 1.4, 1.3, 1.4",,1,NA
RMA1,HFS,8,1,2,1.1.3,Female,NA,NA,30,1,Glutamate,Control,2,"1.3, 1.4, 1.4, 1.4, 1.3, 1.4",,1,NA
RMA1,HFS,9,2,4,1.1.3,Female,NA,NA,30,1,Glutamate,Control,2,"1.3, 1.4, 1.4, 1.4, 1.3, 1.4",,1,NA
RMA1,HFS,10,2,4,1.1.3,Female,NA,NA,30,1,Glutamate,Control,2,"1.3, 1.4, 1.4, 1.4, 1.3, 1.4",,1,NA
RMA10,Baseline,1,0,0,5.2.1,Female,233.32,376.26,36,5,Glutamate,Control,2,"1.7, 1.7, 1.8, 1.8, 1.8, 1.9",,0,NA
RMA10,Baseline,2,0,0,5.2.1,Female,233.32,376.26,36,5,Glutamate,Control,2,"1.7, 1.7, 1.8, 1.8, 1.8, 1.9",,0,NA
RMA10,Baseline,3,0,0,5.2.1,Female,233.32,376.26,36,5,Glutamate,Control,2,"1.7, 1.7, 1.8, 1.8, 1.8, 1.9",,0,NA
RMA10,Baseline,4,0,0,5.2.1,Female,233.32,376.26,36,5,Glutamate,Control,2,"1.7, 1.7, 1.8, 1.8, 1.8, 1.9",,0,NA
RMA10,Baseline,5,2,4,5.2.1,Female,233.32,376.26,36,5,Glutamate,Control,2,"1.7, 1.7, 1.8, 1.8, 1.8, 1.9",,0,NA
RMA10,Baseline,6,2,4,5.2.1,Female,233.32,376.26,36,5,Glutamate,Control,2,"1.7, 1.7, 1.8, 1.8, 1.8, 1.9",,0,NA
RMA10,Baseline,7,3,6,5.2.1,Female,233.32,376.26,36,5,Glutamate,Control,2,"1.7, 1.7, 1.8, 1.8, 1.8, 1.9",,0,NA
RMA10,Baseline,8,4,8,5.2.1,Female,233.32,376.26,36,5,Glutamate,Control,2,"1.7, 1.7, 1.8, 1.8, 1.8, 1.9",,0,NA
RMA10,Baseline,9,4,8,5.2.1,Female,233.32,376.26,36,5,Glutamate,Control,2,"1.7, 1.7, 1.8, 1.8, 1.8, 1.9",,0,NA
RMA10,Baseline,10,4,8,5.2.1,Female,233.32,376.26,36,5,Glutamate,Control,2,"1.7, 1.7, 1.8, 1.8, 1.8, 1.9",,0,NA
RMA10,HFS,1,0,0,5.2.1,Female,233.32,376.26,36,5,Glutamate,Control,2,"1.7, 1.7, 1.8, 1.8, 1.8, 1.9",,0,NA
RMA10,HFS,2,0,0,5.2.1,Female,233.32,376.26,36,5,Glutamate,Control,2,"1.7, 1.7, 1.8, 1.8, 1.8, 1.9",,0,NA
RMA10,HFS,3,0,0,5.2.1,Female,233.32,376.26,36,5,Glutamate,Control,2,"1.7, 1.7, 1.8, 1.8, 1.8, 1.9",,0,NA
RMA10,HFS,4,0,0,5.2.1,Female,233.32,376.26,36,5,Glutamate,Control,2,"1.7, 1.7, 1.8, 1.8, 1.8, 1.9",,0,NA
RMA10,HFS,5,0,0,5.2.1,Female,233.32,376.26,36,5,Glutamate,Control,2,"1.7, 1.7, 1.8, 1.8, 1.8, 1.9",,0,NA
RMA10,HFS,6,0,0,5.2.1,Female,233.32,376.26,36,5,Glutamate,Control,2,"1.7, 1.7, 1.8, 1.8, 1.8, 1.9",,0,NA
RMA10,HFS,7,1,2,5.2.1,Female,233.32,376.26,36,5,Glutamate,Control,2,"1.7, 1.7, 1.8, 1.8, 1.8, 1.9",,0,NA
RMA10,HFS,8,1,2,5.2.1,Female,233.32,376.26,36,5,Glutamate,Control,2,"1.7, 1.7, 1.8, 1.8, 1.8, 1.9",,0,NA
RMA10,HFS,9,1,2,5.2.1,Female,233.32,376.26,36,5,Glutamate,Control,2,"1.7, 1.7, 1.8, 1.8, 1.8, 1.9",,0,NA
RMA10,HFS,10,1,2,5.2.1,Female,233.32,376.26,36,5,Glutamate,Control,2,"1.7, 1.7, 1.8, 1.8, 1.8, 1.9",,0,NA
RMA1A,Baseline,1,0,0,5.4.1,Female,129.81,428.13,36,5,Glutamate,AM251,2,"1.2, 1.2, 1.2, 1.2, 1.2, 1.2",,0,NA
RMA1A,Baseline,2,0,0,5.4.1,Female,129.81,428.13,36,5,Glutamate,AM251,2,"1.2, 1.2, 1.2, 1.2, 1.2, 1.2",,0,NA
RMA1A,Baseline,3,0,0,5.4.1,Female,129.81,428.13,36,5,Glutamate,AM251,2,"1.2, 1.2, 1.2, 1.2, 1.2, 1.2",,0,NA
RMA1A,Baseline,4,0,0,5.4.1,Female,129.81,428.13,36,5,Glutamate,AM251,2,"1.2, 1.2, 1.2, 1.2, 1.2, 1.2",,0,NA
RMA1A,Baseline,5,0,0,5.4.1,Female,129.81,428.13,36,5,Glutamate,AM251,2,"1.2, 1.2, 1.2, 1.2, 1.2, 1.2",,0,NA
RMA1A,Baseline,6,0,0,5.4.1,Female,129.81,428.13,36,5,Glutamate,AM251,2,"1.2, 1.2, 1.2, 1.2, 1.2, 1.2",,0,NA
RMA1A,Baseline,7,0,0,5.4.1,Female,129.81,428.13,36,5,Glutamate,AM251,2,"1.2, 1.2, 1.2, 1.2, 1.2, 1.2",,0,NA
RMA1A,Baseline,8,0,0,5.4.1,Female,129.81,428.13,36,5,Glutamate,AM251,2,"1.2, 1.2, 1.2, 1.2, 1.2, 1.2",,0,NA
RMA1A,Baseline,9,0,0,5.4.1,Female,129.81,428.13,36,5,Glutamate,AM251,2,"1.2, 1.2, 1.2, 1.2, 1.2, 1.2",,0,NA
RMA1A,Baseline,10,0,0,5.4.1,Female,129.81,428.13,36,5,Glutamate,AM251,2,"1.2, 1.2, 1.2, 1.2, 1.2, 1.2",,0,NA
RMA1A,HFS,1,0,0,5.4.1,Female,129.81,428.13,36,5,Glutamate,AM251,2,"1.2, 1.2, 1.2, 1.2, 1.2, 1.2",,0,NA
RMA1A,HFS,2,0,0,5.4.1,Female,129.81,428.13,36,5,Glutamate,AM251,2,"1.2, 1.2, 1.2, 1.2, 1.2, 1.2",,0,NA
RMA1A,HFS,3,0,0,5.4.1,Female,129.81,428.13,36,5,Glutamate,AM251,2,"1.2, 1.2, 1.2, 1.2, 1.2, 1.2",,0,NA
RMA1A,HFS,4,0,0,5.4.1,Female,129.81,428.13,36,5,Glutamate,AM251,2,"1.2, 1.2, 1.2, 1.2, 1.2, 1.2",,0,NA
RMA1A,HFS,5,0,0,5.4.1,Female,129.81,428.13,36,5,Glutamate,AM251,2,"1.2, 1.2, 1.2, 1.2, 1.2, 1.2",,0,NA
RMA1A,HFS,6,0,0,5.4.1,Female,129.81,428.13,36,5,Glutamate,AM251,2,"1.2, 1.2, 1.2, 1.2, 1.2, 1.2",,0,NA
RMA1A,HFS,7,0,0,5.4.1,Female,129.81,428.13,36,5,Glutamate,AM251,2,"1.2, 1.2, 1.2, 1.2, 1.2, 1.2",,0,NA
RMA1A,HFS,8,0,0,5.4.1,Female,129.81,428.13,36,5,Glutamate,AM251,2,"1.2, 1.2, 1.2, 1.2, 1.2, 1.2",,0,NA
RMA1A,HFS,9,0,0,5.4.1,Female,129.81,428.13,36,5,Glutamate,AM251,2,"1.2, 1.2, 1.2, 1.2, 1.2, 1.2",,0,NA
RMA1A,HFS,10,1,2,5.4.1,Female,129.81,428.13,36,5,Glutamate,AM251,2,"1.2, 1.2, 1.2, 1.2, 1.2, 1.2",,0,NA
RMA2,Baseline,1,0,0,1.2.1,Female,221.02,214.89,30,1,Glutamate,Control,2,"2.2, 2.1, 2.3, 2.6, 3-3.9, 4.0",,1,NA
RMA2,Baseline,2,0,0,1.2.1,Female,221.02,214.89,30,1,Glutamate,Control,2,"2.2, 2.1, 2.3, 2.6, 3-3.9, 4.0",,1,NA
RMA2,Baseline,3,0,0,1.2.1,Female,221.02,214.89,30,1,Glutamate,Control,2,"2.2, 2.1, 2.3, 2.6, 3-3.9, 4.0",,1,NA
RMA2,Baseline,4,0,0,1.2.1,Female,221.02,214.89,30,1,Glutamate,Control,2,"2.2, 2.1, 2.3, 2.6, 3-3.9, 4.0",,1,NA
RMA2,Baseline,5,3,6,1.2.1,Female,221.02,214.89,30,1,Glutamate,Control,2,"2.2, 2.1, 2.3, 2.6, 3-3.9, 4.0",,1,NA
RMA2,Baseline,6,6,12,1.2.1,Female,221.02,214.89,30,1,Glutamate,Control,2,"2.2, 2.1, 2.3, 2.6, 3-3.9, 4.0",,1,NA
RMA2,Baseline,7,9,18,1.2.1,Female,221.02,214.89,30,1,Glutamate,Control,2,"2.2, 2.1, 2.3, 2.6, 3-3.9, 4.0",,1,NA
RMA2,Baseline,8,11,22,1.2.1,Female,221.02,214.89,30,1,Glutamate,Control,2,"2.2, 2.1, 2.3, 2.6, 3-3.9, 4.0",,1,NA
RMA2,Baseline,9,14,28,1.2.1,Female,221.02,214.89,30,1,Glutamate,Control,2,"2.2, 2.1, 2.3, 2.6, 3-3.9, 4.0",,1,NA
RMA2,Baseline,10,16,32,1.2.1,Female,221.02,214.89,30,1,Glutamate,Control,2,"2.2, 2.1, 2.3, 2.6, 3-3.9, 4.0",,1,NA
RMA2,HFS,1,0,0,1.2.1,Female,221.02,214.89,30,1,Glutamate,Control,2,"2.2, 2.1, 2.3, 2.6, 3-3.9, 4.0",,1,NA
RMA2,HFS,2,0,0,1.2.1,Female,221.02,214.89,30,1,Glutamate,Control,2,"2.2, 2.1, 2.3, 2.6, 3-3.9, 4.0",,1,NA
RMA2,HFS,3,0,0,1.2.1,Female,221.02,214.89,30,1,Glutamate,Control,2,"2.2, 2.1, 2.3, 2.6, 3-3.9, 4.0",,1,NA
RMA2,HFS,4,0,0,1.2.1,Female,221.02,214.89,30,1,Glutamate,Control,2,"2.2, 2.1, 2.3, 2.6, 3-3.9, 4.0",,1,NA
RMA2,HFS,5,0,0,1.2.1,Female,221.02,214.89,30,1,Glutamate,Control,2,"2.2, 2.1, 2.3, 2.6, 3-3.9, 4.0",,1,NA
RMA2,HFS,6,0,0,1.2.1,Female,221.02,214.89,30,1,Glutamate,Control,2,"2.2, 2.1, 2.3, 2.6, 3-3.9, 4.0",,1,NA
RMA2,HFS,7,1,2,1.2.1,Female,221.02,214.89,30,1,Glutamate,Control,2,"2.2, 2.1, 2.3, 2.6, 3-3.9, 4.0",,1,NA
RMA2,HFS,8,1,2,1.2.1,Female,221.02,214.89,30,1,Glutamate,Control,2,"2.2, 2.1, 2.3, 2.6, 3-3.9, 4.0",,1,NA
RMA2,HFS,9,4,8,1.2.1,Female,221.02,214.89,30,1,Glutamate,Control,2,"2.2, 2.1, 2.3, 2.6, 3-3.9, 4.0",,1,NA
RMA2,HFS,10,5,10,1.2.1,Female,221.02,214.89,30,1,Glutamate,Control,2,"2.2, 2.1, 2.3, 2.6, 3-3.9, 4.0",,1,NA
RMA2A,Baseline,1,0,0,6.1.5,Female,253.47,471.1,38,6,Glutamate,AM251,2,"1.4, 1.5, 1.6, 1.6, 1.9, 1.9",,0,NA
RMA2A,Baseline,2,0,0,6.1.5,Female,253.47,471.1,38,6,Glutamate,AM251,2,"1.4, 1.5, 1.6, 1.6, 1.9, 1.9",,0,NA
RMA2A,Baseline,3,0,0,6.1.5,Female,253.47,471.1,38,6,Glutamate,AM251,2,"1.4, 1.5, 1.6, 1.6, 1.9, 1.9",,0,NA
RMA2A,Baseline,4,0,0,6.1.5,Female,253.47,471.1,38,6,Glutamate,AM251,2,"1.4, 1.5, 1.6, 1.6, 1.9, 1.9",,0,NA
RMA2A,Baseline,5,0,0,6.1.5,Female,253.47,471.1,38,6,Glutamate,AM251,2,"1.4, 1.5, 1.6, 1.6, 1.9, 1.9",,0,NA
RMA2A,Baseline,6,1,2,6.1.5,Female,253.47,471.1,38,6,Glutamate,AM251,2,"1.4, 1.5, 1.6, 1.6, 1.9, 1.9",,0,NA
RMA2A,Baseline,7,3,6,6.1.5,Female,253.47,471.1,38,6,Glutamate,AM251,2,"1.4, 1.5, 1.6, 1.6, 1.9, 1.9",,0,NA
RMA2A,Baseline,8,4,8,6.1.5,Female,253.47,471.1,38,6,Glutamate,AM251,2,"1.4, 1.5, 1.6, 1.6, 1.9, 1.9",,0,NA
RMA2A,Baseline,9,6,12,6.1.5,Female,253.47,471.1,38,6,Glutamate,AM251,2,"1.4, 1.5, 1.6, 1.6, 1.9, 1.9",,0,NA
RMA2A,Baseline,10,7,14,6.1.5,Female,253.47,471.1,38,6,Glutamate,AM251,2,"1.4, 1.5, 1.6, 1.6, 1.9, 1.9",,0,NA
RMA2A,HFS,1,0,0,6.1.5,Female,253.47,471.1,38,6,Glutamate,AM251,2,"1.4, 1.5, 1.6, 1.6, 1.9, 1.9",,0,NA
RMA2A,HFS,2,0,0,6.1.5,Female,253.47,471.1,38,6,Glutamate,AM251,2,"1.4, 1.5, 1.6, 1.6, 1.9, 1.9",,0,NA
RMA2A,HFS,3,0,0,6.1.5,Female,253.47,471.1,38,6,Glutamate,AM251,2,"1.4, 1.5, 1.6, 1.6, 1.9, 1.9",,0,NA
RMA2A,HFS,4,0,0,6.1.5,Female,253.47,471.1,38,6,Glutamate,AM251,2,"1.4, 1.5, 1.6, 1.6, 1.9, 1.9",,0,NA
RMA2A,HFS,5,0,0,6.1.5,Female,253.47,471.1,38,6,Glutamate,AM251,2,"1.4, 1.5, 1.6, 1.6, 1.9, 1.9",,0,NA
RMA2A,HFS,6,0,0,6.1.5,Female,253.47,471.1,38,6,Glutamate,AM251,2,"1.4, 1.5, 1.6, 1.6, 1.9, 1.9",,0,NA
RMA2A,HFS,7,0,0,6.1.5,Female,253.47,471.1,38,6,Glutamate,AM251,2,"1.4, 1.5, 1.6, 1.6, 1.9, 1.9",,0,NA
RMA2A,HFS,8,0,0,6.1.5,Female,253.47,471.1,38,6,Glutamate,AM251,2,"1.4, 1.5, 1.6, 1.6, 1.9, 1.9",,0,NA
RMA2A,HFS,9,0,0,6.1.5,Female,253.47,471.1,38,6,Glutamate,AM251,2,"1.4, 1.5, 1.6, 1.6, 1.9, 1.9",,0,NA
RMA2A,HFS,10,1,2,6.1.5,Female,253.47,471.1,38,6,Glutamate,AM251,2,"1.4, 1.5, 1.6, 1.6, 1.9, 1.9",,0,NA
RMA3,Baseline,1,0,0,2.1.2,Female,154.36,558.85,32,2,Glutamate,Control,2,"1.5, 1.6, 1.6, 1.6, 1.6, 1.6","flow rate very low, suction stopping intermittently during all recording",1,NA
RMA3,Baseline,2,0,0,2.1.2,Female,154.36,558.85,32,2,Glutamate,Control,2,"1.5, 1.6, 1.6, 1.6, 1.6, 1.6","flow rate very low, suction stopping intermittently during all recording",1,NA
RMA3,Baseline,3,0,0,2.1.2,Female,154.36,558.85,32,2,Glutamate,Control,2,"1.5, 1.6, 1.6, 1.6, 1.6, 1.6","flow rate very low, suction stopping intermittently during all recording",1,NA
RMA3,Baseline,4,0,0,2.1.2,Female,154.36,558.85,32,2,Glutamate,Control,2,"1.5, 1.6, 1.6, 1.6, 1.6, 1.6","flow rate very low, suction stopping intermittently during all recording",1,NA
RMA3,Baseline,5,2,4,2.1.2,Female,154.36,558.85,32,2,Glutamate,Control,2,"1.5, 1.6, 1.6, 1.6, 1.6, 1.6","flow rate very low, suction stopping intermittently during all recording",1,NA
RMA3,Baseline,6,4,8,2.1.2,Female,154.36,558.85,32,2,Glutamate,Control,2,"1.5, 1.6, 1.6, 1.6, 1.6, 1.6","flow rate very low, suction stopping intermittently during all recording",1,NA
RMA3,Baseline,7,6,12,2.1.2,Female,154.36,558.85,32,2,Glutamate,Control,2,"1.5, 1.6, 1.6, 1.6, 1.6, 1.6","flow rate very low, suction stopping intermittently during all recording",1,NA
RMA3,Baseline,8,7,14,2.1.2,Female,154.36,558.85,32,2,Glutamate,Control,2,"1.5, 1.6, 1.6, 1.6, 1.6, 1.6","flow rate very low, suction stopping intermittently during all recording",1,NA
RMA3,Baseline,9,8,16,2.1.2,Female,154.36,558.85,32,2,Glutamate,Control,2,"1.5, 1.6, 1.6, 1.6, 1.6, 1.6","flow rate very low, suction stopping intermittently during all recording",1,NA
RMA3,Baseline,10,9,18,2.1.2,Female,154.36,558.85,32,2,Glutamate,Control,2,"1.5, 1.6, 1.6, 1.6, 1.6, 1.6","flow rate very low, suction stopping intermittently during all recording",1,NA
RMA3,HFS,1,0,0,2.1.2,Female,154.36,558.85,32,2,Glutamate,Control,2,"1.5, 1.6, 1.6, 1.6, 1.6, 1.6","flow rate very low, suction stopping intermittently during all recording",1,NA
RMA3,HFS,2,0,0,2.1.2,Female,154.36,558.85,32,2,Glutamate,Control,2,"1.5, 1.6, 1.6, 1.6, 1.6, 1.6","flow rate very low, suction stopping intermittently during all recording",1,NA
RMA3,HFS,3,0,0,2.1.2,Female,154.36,558.85,32,2,Glutamate,Control,2,"1.5, 1.6, 1.6, 1.6, 1.6, 1.6","flow rate very low, suction stopping intermittently during all recording",1,NA
RMA3,HFS,4,0,0,2.1.2,Female,154.36,558.85,32,2,Glutamate,Control,2,"1.5, 1.6, 1.6, 1.6, 1.6, 1.6","flow rate very low, suction stopping intermittently during all recording",1,NA
RMA3,HFS,5,0,0,2.1.2,Female,154.36,558.85,32,2,Glutamate,Control,2,"1.5, 1.6, 1.6, 1.6, 1.6, 1.6","flow rate very low, suction stopping intermittently during all recording",1,NA
RMA3,HFS,6,1,2,2.1.2,Female,154.36,558.85,32,2,Glutamate,Control,2,"1.5, 1.6, 1.6, 1.6, 1.6, 1.6","flow rate very low, suction stopping intermittently during all recording",1,NA
RMA3,HFS,7,2,4,2.1.2,Female,154.36,558.85,32,2,Glutamate,Control,2,"1.5, 1.6, 1.6, 1.6, 1.6, 1.6","flow rate very low, suction stopping intermittently during all recording",1,NA
RMA3,HFS,8,4,8,2.1.2,Female,154.36,558.85,32,2,Glutamate,Control,2,"1.5, 1.6, 1.6, 1.6, 1.6, 1.6","flow rate very low, suction stopping intermittently during all recording",1,NA
RMA3,HFS,9,6,12,2.1.2,Female,154.36,558.85,32,2,Glutamate,Control,2,"1.5, 1.6, 1.6, 1.6, 1.6, 1.6","flow rate very low, suction stopping intermittently during all recording",1,NA
RMA3,HFS,10,8,16,2.1.2,Female,154.36,558.85,32,2,Glutamate,Control,2,"1.5, 1.6, 1.6, 1.6, 1.6, 1.6","flow rate very low, suction stopping intermittently during all recording",1,NA
RMA3A,Baseline,1,0,0,7.1.5,Female,157.89,227.59,39,7,Glutamate,AM251,2,"1.8, 1.9, 1.8, 1.7, 1.7, 1.8",,1,NA
RMA3A,Baseline,2,0,0,7.1.5,Female,157.89,227.59,39,7,Glutamate,AM251,2,"1.8, 1.9, 1.8, 1.7, 1.7, 1.8",,1,NA
RMA3A,Baseline,3,0,0,7.1.5,Female,157.89,227.59,39,7,Glutamate,AM251,2,"1.8, 1.9, 1.8, 1.7, 1.7, 1.8",,1,NA
RMA3A,Baseline,4,0,0,7.1.5,Female,157.89,227.59,39,7,Glutamate,AM251,2,"1.8, 1.9, 1.8, 1.7, 1.7, 1.8",,1,NA
RMA3A,Baseline,5,0,0,7.1.5,Female,157.89,227.59,39,7,Glutamate,AM251,2,"1.8, 1.9, 1.8, 1.7, 1.7, 1.8",,1,NA
RMA3A,Baseline,6,0,0,7.1.5,Female,157.89,227.59,39,7,Glutamate,AM251,2,"1.8, 1.9, 1.8, 1.7, 1.7, 1.8",,1,NA
RMA3A,Baseline,7,2,4,7.1.5,Female,157.89,227.59,39,7,Glutamate,AM251,2,"1.8, 1.9, 1.8, 1.7, 1.7, 1.8",,1,NA
RMA3A,Baseline,8,5,10,7.1.5,Female,157.89,227.59,39,7,Glutamate,AM251,2,"1.8, 1.9, 1.8, 1.7, 1.7, 1.8",,1,NA
RMA3A,Baseline,9,8,16,7.1.5,Female,157.89,227.59,39,7,Glutamate,AM251,2,"1.8, 1.9, 1.8, 1.7, 1.7, 1.8",,1,NA
RMA3A,Baseline,10,10,20,7.1.5,Female,157.89,227.59,39,7,Glutamate,AM251,2,"1.8, 1.9, 1.8, 1.7, 1.7, 1.8",,1,NA
RMA3A,HFS,1,0,0,7.1.5,Female,157.89,227.59,39,7,Glutamate,AM251,2,"1.8, 1.9, 1.8, 1.7, 1.7, 1.8",,1,NA
RMA3A,HFS,2,0,0,7.1.5,Female,157.89,227.59,39,7,Glutamate,AM251,2,"1.8, 1.9, 1.8, 1.7, 1.7, 1.8",,1,NA
RMA3A,HFS,3,0,0,7.1.5,Female,157.89,227.59,39,7,Glutamate,AM251,2,"1.8, 1.9, 1.8, 1.7, 1.7, 1.8",,1,NA
RMA3A,HFS,4,0,0,7.1.5,Female,157.89,227.59,39,7,Glutamate,AM251,2,"1.8, 1.9, 1.8, 1.7, 1.7, 1.8",,1,NA
RMA3A,HFS,5,0,0,7.1.5,Female,157.89,227.59,39,7,Glutamate,AM251,2,"1.8, 1.9, 1.8, 1.7, 1.7, 1.8",,1,NA
RMA3A,HFS,6,0,0,7.1.5,Female,157.89,227.59,39,7,Glutamate,AM251,2,"1.8, 1.9, 1.8, 1.7, 1.7, 1.8",,1,NA
RMA3A,HFS,7,0,0,7.1.5,Female,157.89,227.59,39,7,Glutamate,AM251,2,"1.8, 1.9, 1.8, 1.7, 1.7, 1.8",,1,NA
RMA3A,HFS,8,1,2,7.1.5,Female,157.89,227.59,39,7,Glutamate,AM251,2,"1.8, 1.9, 1.8, 1.7, 1.7, 1.8",,1,NA
RMA3A,HFS,9,2,4,7.1.5,Female,157.89,227.59,39,7,Glutamate,AM251,2,"1.8, 1.9, 1.8, 1.7, 1.7, 1.8",,1,NA
RMA3A,HFS,10,2,4,7.1.5,Female,157.89,227.59,39,7,Glutamate,AM251,2,"1.8, 1.9, 1.8, 1.7, 1.7, 1.8",,1,NA
RMA4,Baseline,1,0,0,2.2.1,Female,484.66,478.04,32,2,Glutamate,Control,2,"1.9, 2.2, 2.4, 2.8, 3.2","breif suction stops, very low flow rate, shaking looking ending gap free, barley any Aps",1,NA
RMA4,Baseline,2,0,0,2.2.1,Female,484.66,478.04,32,2,Glutamate,Control,2,"1.9, 2.2, 2.4, 2.8, 3.2","breif suction stops, very low flow rate, shaking looking ending gap free, barley any Aps",1,NA
RMA4,Baseline,3,0,0,2.2.1,Female,484.66,478.04,32,2,Glutamate,Control,2,"1.9, 2.2, 2.4, 2.8, 3.2","breif suction stops, very low flow rate, shaking looking ending gap free, barley any Aps",1,NA
RMA4,Baseline,4,2,4,2.2.1,Female,484.66,478.04,32,2,Glutamate,Control,2,"1.9, 2.2, 2.4, 2.8, 3.2","breif suction stops, very low flow rate, shaking looking ending gap free, barley any Aps",1,NA
RMA4,Baseline,5,2,4,2.2.1,Female,484.66,478.04,32,2,Glutamate,Control,2,"1.9, 2.2, 2.4, 2.8, 3.2","breif suction stops, very low flow rate, shaking looking ending gap free, barley any Aps",1,NA
RMA4,Baseline,6,4,8,2.2.1,Female,484.66,478.04,32,2,Glutamate,Control,2,"1.9, 2.2, 2.4, 2.8, 3.2","breif suction stops, very low flow rate, shaking looking ending gap free, barley any Aps",1,NA
RMA4,Baseline,7,6,12,2.2.1,Female,484.66,478.04,32,2,Glutamate,Control,2,"1.9, 2.2, 2.4, 2.8, 3.2","breif suction stops, very low flow rate, shaking looking ending gap free, barley any Aps",1,NA
RMA4,Baseline,8,8,16,2.2.1,Female,484.66,478.04,32,2,Glutamate,Control,2,"1.9, 2.2, 2.4, 2.8, 3.2","breif suction stops, very low flow rate, shaking looking ending gap free, barley any Aps",1,NA
RMA4,Baseline,9,9,18,2.2.1,Female,484.66,478.04,32,2,Glutamate,Control,2,"1.9, 2.2, 2.4, 2.8, 3.2","breif suction stops, very low flow rate, shaking looking ending gap free, barley any Aps",1,NA
RMA4,Baseline,10,11,22,2.2.1,Female,484.66,478.04,32,2,Glutamate,Control,2,"1.9, 2.2, 2.4, 2.8, 3.2","breif suction stops, very low flow rate, shaking looking ending gap free, barley any Aps",1,NA
RMA4,HFS,1,0,0,2.2.1,Female,484.66,478.04,32,2,Glutamate,Control,2,"1.9, 2.2, 2.4, 2.8, 3.2","breif suction stops, very low flow rate, shaking looking ending gap free, barley any Aps",1,NA
RMA4,HFS,2,0,0,2.2.1,Female,484.66,478.04,32,2,Glutamate,Control,2,"1.9, 2.2, 2.4, 2.8, 3.2","breif suction stops, very low flow rate, shaking looking ending gap free, barley any Aps",1,NA
RMA4,HFS,3,0,0,2.2.1,Female,484.66,478.04,32,2,Glutamate,Control,2,"1.9, 2.2, 2.4, 2.8, 3.2","breif suction stops, very low flow rate, shaking looking ending gap free, barley any Aps",1,NA
RMA4,HFS,4,0,0,2.2.1,Female,484.66,478.04,32,2,Glutamate,Control,2,"1.9, 2.2, 2.4, 2.8, 3.2","breif suction stops, very low flow rate, shaking looking ending gap free, barley any Aps",1,NA
RMA4,HFS,5,0,0,2.2.1,Female,484.66,478.04,32,2,Glutamate,Control,2,"1.9, 2.2, 2.4, 2.8, 3.2","breif suction stops, very low flow rate, shaking looking ending gap free, barley any Aps",1,NA
RMA4,HFS,6,3,6,2.2.1,Female,484.66,478.04,32,2,Glutamate,Control,2,"1.9, 2.2, 2.4, 2.8, 3.2","breif suction stops, very low flow rate, shaking looking ending gap free, barley any Aps",1,NA
RMA4,HFS,7,4,8,2.2.1,Female,484.66,478.04,32,2,Glutamate,Control,2,"1.9, 2.2, 2.4, 2.8, 3.2","breif suction stops, very low flow rate, shaking looking ending gap free, barley any Aps",1,NA
RMA4,HFS,8,6,12,2.2.1,Female,484.66,478.04,32,2,Glutamate,Control,2,"1.9, 2.2, 2.4, 2.8, 3.2","breif suction stops, very low flow rate, shaking looking ending gap free, barley any Aps",1,NA
RMA4,HFS,9,7,14,2.2.1,Female,484.66,478.04,32,2,Glutamate,Control,2,"1.9, 2.2, 2.4, 2.8, 3.2","breif suction stops, very low flow rate, shaking looking ending gap free, barley any Aps",1,NA
RMA4,HFS,10,8,16,2.2.1,Female,484.66,478.04,32,2,Glutamate,Control,2,"1.9, 2.2, 2.4, 2.8, 3.2","breif suction stops, very low flow rate, shaking looking ending gap free, barley any Aps",1,NA
RMA4A,Baseline,1,0,0,7.2.1,Female,175.59,350.82,39,7,Glutamate,AM251,2,"1.7, 1.8, 1.7, 1.7, 1.8, 1.7, 1.8",,1,NA
RMA4A,Baseline,2,0,0,7.2.1,Female,175.59,350.82,39,7,Glutamate,AM251,2,"1.7, 1.8, 1.7, 1.7, 1.8, 1.7, 1.8",,1,NA
RMA4A,Baseline,3,0,0,7.2.1,Female,175.59,350.82,39,7,Glutamate,AM251,2,"1.7, 1.8, 1.7, 1.7, 1.8, 1.7, 1.8",,1,NA
RMA4A,Baseline,4,0,0,7.2.1,Female,175.59,350.82,39,7,Glutamate,AM251,2,"1.7, 1.8, 1.7, 1.7, 1.8, 1.7, 1.8",,1,NA
RMA4A,Baseline,5,0,0,7.2.1,Female,175.59,350.82,39,7,Glutamate,AM251,2,"1.7, 1.8, 1.7, 1.7, 1.8, 1.7, 1.8",,1,NA
RMA4A,Baseline,6,4,8,7.2.1,Female,175.59,350.82,39,7,Glutamate,AM251,2,"1.7, 1.8, 1.7, 1.7, 1.8, 1.7, 1.8",,1,NA
RMA4A,Baseline,7,7,14,7.2.1,Female,175.59,350.82,39,7,Glutamate,AM251,2,"1.7, 1.8, 1.7, 1.7, 1.8, 1.7, 1.8",,1,NA
RMA4A,Baseline,8,10,20,7.2.1,Female,175.59,350.82,39,7,Glutamate,AM251,2,"1.7, 1.8, 1.7, 1.7, 1.8, 1.7, 1.8",,1,NA
RMA4A,Baseline,9,12,24,7.2.1,Female,175.59,350.82,39,7,Glutamate,AM251,2,"1.7, 1.8, 1.7, 1.7, 1.8, 1.7, 1.8",,1,NA
RMA4A,Baseline,10,14,28,7.2.1,Female,175.59,350.82,39,7,Glutamate,AM251,2,"1.7, 1.8, 1.7, 1.7, 1.8, 1.7, 1.8",,1,NA
RMA4A,HFS,1,0,0,7.2.1,Female,175.59,350.82,39,7,Glutamate,AM251,2,"1.7, 1.8, 1.7, 1.7, 1.8, 1.7, 1.8",,1,NA
RMA4A,HFS,2,0,0,7.2.1,Female,175.59,350.82,39,7,Glutamate,AM251,2,"1.7, 1.8, 1.7, 1.7, 1.8, 1.7, 1.8",,1,NA
RMA4A,HFS,3,0,0,7.2.1,Female,175.59,350.82,39,7,Glutamate,AM251,2,"1.7, 1.8, 1.7, 1.7, 1.8, 1.7, 1.8",,1,NA
RMA4A,HFS,4,0,0,7.2.1,Female,175.59,350.82,39,7,Glutamate,AM251,2,"1.7, 1.8, 1.7, 1.7, 1.8, 1.7, 1.8",,1,NA
RMA4A,HFS,5,0,0,7.2.1,Female,175.59,350.82,39,7,Glutamate,AM251,2,"1.7, 1.8, 1.7, 1.7, 1.8, 1.7, 1.8",,1,NA
RMA4A,HFS,6,3,6,7.2.1,Female,175.59,350.82,39,7,Glutamate,AM251,2,"1.7, 1.8, 1.7, 1.7, 1.8, 1.7, 1.8",,1,NA
RMA4A,HFS,7,7,14,7.2.1,Female,175.59,350.82,39,7,Glutamate,AM251,2,"1.7, 1.8, 1.7, 1.7, 1.8, 1.7, 1.8",,1,NA
RMA4A,HFS,8,10,20,7.2.1,Female,175.59,350.82,39,7,Glutamate,AM251,2,"1.7, 1.8, 1.7, 1.7, 1.8, 1.7, 1.8",,1,NA
RMA4A,HFS,9,13,26,7.2.1,Female,175.59,350.82,39,7,Glutamate,AM251,2,"1.7, 1.8, 1.7, 1.7, 1.8, 1.7, 1.8",,1,NA
RMA4A,HFS,10,15,30,7.2.1,Female,175.59,350.82,39,7,Glutamate,AM251,2,"1.7, 1.8, 1.7, 1.7, 1.8, 1.7, 1.8",,1,NA
RMA5A,Baseline,1,0,0,7.4.1,Female,203.49,652.84,39,7,Glutamate,AM251,2,"1.3, 1.3, 1.3, 1.1, 1.1, 1.1",,1,NA
RMA5A,Baseline,2,0,0,7.4.1,Female,203.49,652.84,39,7,Glutamate,AM251,2,"1.3, 1.3, 1.3, 1.1, 1.1, 1.1",,1,NA
RMA5A,Baseline,3,0,0,7.4.1,Female,203.49,652.84,39,7,Glutamate,AM251,2,"1.3, 1.3, 1.3, 1.1, 1.1, 1.1",,1,NA
RMA5A,Baseline,4,0,0,7.4.1,Female,203.49,652.84,39,7,Glutamate,AM251,2,"1.3, 1.3, 1.3, 1.1, 1.1, 1.1",,1,NA
RMA5A,Baseline,5,1,2,7.4.1,Female,203.49,652.84,39,7,Glutamate,AM251,2,"1.3, 1.3, 1.3, 1.1, 1.1, 1.1",,1,NA
RMA5A,Baseline,6,6,12,7.4.1,Female,203.49,652.84,39,7,Glutamate,AM251,2,"1.3, 1.3, 1.3, 1.1, 1.1, 1.1",,1,NA
RMA5A,Baseline,7,9,18,7.4.1,Female,203.49,652.84,39,7,Glutamate,AM251,2,"1.3, 1.3, 1.3, 1.1, 1.1, 1.1",,1,NA
RMA5A,Baseline,8,10,20,7.4.1,Female,203.49,652.84,39,7,Glutamate,AM251,2,"1.3, 1.3, 1.3, 1.1, 1.1, 1.1",,1,NA
RMA5A,Baseline,9,10,20,7.4.1,Female,203.49,652.84,39,7,Glutamate,AM251,2,"1.3, 1.3, 1.3, 1.1, 1.1, 1.1",,1,NA
RMA5A,Baseline,10,11,22,7.4.1,Female,203.49,652.84,39,7,Glutamate,AM251,2,"1.3, 1.3, 1.3, 1.1, 1.1, 1.1",,1,NA
RMA5A,HFS,1,0,0,7.4.1,Female,203.49,652.84,39,7,Glutamate,AM251,2,"1.3, 1.3, 1.3, 1.1, 1.1, 1.1",,1,NA
RMA5A,HFS,2,0,0,7.4.1,Female,203.49,652.84,39,7,Glutamate,AM251,2,"1.3, 1.3, 1.3, 1.1, 1.1, 1.1",,1,NA
RMA5A,HFS,3,0,0,7.4.1,Female,203.49,652.84,39,7,Glutamate,AM251,2,"1.3, 1.3, 1.3, 1.1, 1.1, 1.1",,1,NA
RMA5A,HFS,4,0,0,7.4.1,Female,203.49,652.84,39,7,Glutamate,AM251,2,"1.3, 1.3, 1.3, 1.1, 1.1, 1.1",,1,NA
RMA5A,HFS,5,0,0,7.4.1,Female,203.49,652.84,39,7,Glutamate,AM251,2,"1.3, 1.3, 1.3, 1.1, 1.1, 1.1",,1,NA
RMA5A,HFS,6,2,4,7.4.1,Female,203.49,652.84,39,7,Glutamate,AM251,2,"1.3, 1.3, 1.3, 1.1, 1.1, 1.1",,1,NA
RMA5A,HFS,7,5,10,7.4.1,Female,203.49,652.84,39,7,Glutamate,AM251,2,"1.3, 1.3, 1.3, 1.1, 1.1, 1.1",,1,NA
RMA5A,HFS,8,8,16,7.4.1,Female,203.49,652.84,39,7,Glutamate,AM251,2,"1.3, 1.3, 1.3, 1.1, 1.1, 1.1",,1,NA
RMA5A,HFS,9,9,18,7.4.1,Female,203.49,652.84,39,7,Glutamate,AM251,2,"1.3, 1.3, 1.3, 1.1, 1.1, 1.1",,1,NA
RMA5A,HFS,10,11,22,7.4.1,Female,203.49,652.84,39,7,Glutamate,AM251,2,"1.3, 1.3, 1.3, 1.1, 1.1, 1.1",,1,NA
RMA6,Baseline,1,0,0,3.2.2,Female,92.98,382.4,39,3,Glutamate,Control,2,"1.5, 1.6, 1.8, 2.1, 2.1, 5.1",currents go down before Ra does so the 5.1 isn't concerning,1,NA
RMA6,Baseline,2,0,0,3.2.2,Female,92.98,382.4,39,3,Glutamate,Control,2,"1.5, 1.6, 1.8, 2.1, 2.1, 5.1",currents go down before Ra does so the 5.1 isn't concerning,1,NA
RMA6,Baseline,3,0,0,3.2.2,Female,92.98,382.4,39,3,Glutamate,Control,2,"1.5, 1.6, 1.8, 2.1, 2.1, 5.1",currents go down before Ra does so the 5.1 isn't concerning,1,NA
RMA6,Baseline,4,0,0,3.2.2,Female,92.98,382.4,39,3,Glutamate,Control,2,"1.5, 1.6, 1.8, 2.1, 2.1, 5.1",currents go down before Ra does so the 5.1 isn't concerning,1,NA
RMA6,Baseline,5,0,0,3.2.2,Female,92.98,382.4,39,3,Glutamate,Control,2,"1.5, 1.6, 1.8, 2.1, 2.1, 5.1",currents go down before Ra does so the 5.1 isn't concerning,1,NA
RMA6,Baseline,6,3,6,3.2.2,Female,92.98,382.4,39,3,Glutamate,Control,2,"1.5, 1.6, 1.8, 2.1, 2.1, 5.1",currents go down before Ra does so the 5.1 isn't concerning,1,NA
RMA6,Baseline,7,6,12,3.2.2,Female,92.98,382.4,39,3,Glutamate,Control,2,"1.5, 1.6, 1.8, 2.1, 2.1, 5.1",currents go down before Ra does so the 5.1 isn't concerning,1,NA
RMA6,Baseline,8,9,18,3.2.2,Female,92.98,382.4,39,3,Glutamate,Control,2,"1.5, 1.6, 1.8, 2.1, 2.1, 5.1",currents go down before Ra does so the 5.1 isn't concerning,1,NA
RMA6,Baseline,9,12,24,3.2.2,Female,92.98,382.4,39,3,Glutamate,Control,2,"1.5, 1.6, 1.8, 2.1, 2.1, 5.1",currents go down before Ra does so the 5.1 isn't concerning,1,NA
RMA6,Baseline,10,15,30,3.2.2,Female,92.98,382.4,39,3,Glutamate,Control,2,"1.5, 1.6, 1.8, 2.1, 2.1, 5.1",currents go down before Ra does so the 5.1 isn't concerning,1,NA
RMA6,HFS,1,0,0,3.2.2,Female,92.98,382.4,39,3,Glutamate,Control,2,"1.5, 1.6, 1.8, 2.1, 2.1, 5.1",currents go down before Ra does so the 5.1 isn't concerning,1,NA
RMA6,HFS,2,0,0,3.2.2,Female,92.98,382.4,39,3,Glutamate,Control,2,"1.5, 1.6, 1.8, 2.1, 2.1, 5.1",currents go down before Ra does so the 5.1 isn't concerning,1,NA
RMA6,HFS,3,0,0,3.2.2,Female,92.98,382.4,39,3,Glutamate,Control,2,"1.5, 1.6, 1.8, 2.1, 2.1, 5.1",currents go down before Ra does so the 5.1 isn't concerning,1,NA
RMA6,HFS,4,0,0,3.2.2,Female,92.98,382.4,39,3,Glutamate,Control,2,"1.5, 1.6, 1.8, 2.1, 2.1, 5.1",currents go down before Ra does so the 5.1 isn't concerning,1,NA
RMA6,HFS,5,0,0,3.2.2,Female,92.98,382.4,39,3,Glutamate,Control,2,"1.5, 1.6, 1.8, 2.1, 2.1, 5.1",currents go down before Ra does so the 5.1 isn't concerning,1,NA
RMA6,HFS,6,0,0,3.2.2,Female,92.98,382.4,39,3,Glutamate,Control,2,"1.5, 1.6, 1.8, 2.1, 2.1, 5.1",currents go down before Ra does so the 5.1 isn't concerning,1,NA
RMA6,HFS,7,0,0,3.2.2,Female,92.98,382.4,39,3,Glutamate,Control,2,"1.5, 1.6, 1.8, 2.1, 2.1, 5.1",currents go down before Ra does so the 5.1 isn't concerning,1,NA
RMA6,HFS,8,0,0,3.2.2,Female,92.98,382.4,39,3,Glutamate,Control,2,"1.5, 1.6, 1.8, 2.1, 2.1, 5.1",currents go down before Ra does so the 5.1 isn't concerning,1,NA
RMA6,HFS,9,0,0,3.2.2,Female,92.98,382.4,39,3,Glutamate,Control,2,"1.5, 1.6, 1.8, 2.1, 2.1, 5.1",currents go down before Ra does so the 5.1 isn't concerning,1,NA
RMA6,HFS,10,0,0,3.2.2,Female,92.98,382.4,39,3,Glutamate,Control,2,"1.5, 1.6, 1.8, 2.1, 2.1, 5.1",currents go down before Ra does so the 5.1 isn't concerning,1,NA
RMA6A,Baseline,1,0,0,7.5.1,Female,248.21,505.27,39,7,Glutamate,AM251,2,"1.4, 1.4, 1.5, 1.5, 1.5, 1.6",,1,NA
RMA6A,Baseline,2,0,0,7.5.1,Female,248.21,505.27,39,7,Glutamate,AM251,2,"1.4, 1.4, 1.5, 1.5, 1.5, 1.6",,1,NA
RMA6A,Baseline,3,0,0,7.5.1,Female,248.21,505.27,39,7,Glutamate,AM251,2,"1.4, 1.4, 1.5, 1.5, 1.5, 1.6",,1,NA
RMA6A,Baseline,4,0,0,7.5.1,Female,248.21,505.27,39,7,Glutamate,AM251,2,"1.4, 1.4, 1.5, 1.5, 1.5, 1.6",,1,NA
RMA6A,Baseline,5,0,0,7.5.1,Female,248.21,505.27,39,7,Glutamate,AM251,2,"1.4, 1.4, 1.5, 1.5, 1.5, 1.6",,1,NA
RMA6A,Baseline,6,0,0,7.5.1,Female,248.21,505.27,39,7,Glutamate,AM251,2,"1.4, 1.4, 1.5, 1.5, 1.5, 1.6",,1,NA
RMA6A,Baseline,7,2,4,7.5.1,Female,248.21,505.27,39,7,Glutamate,AM251,2,"1.4, 1.4, 1.5, 1.5, 1.5, 1.6",,1,NA
RMA6A,Baseline,8,3,6,7.5.1,Female,248.21,505.27,39,7,Glutamate,AM251,2,"1.4, 1.4, 1.5, 1.5, 1.5, 1.6",,1,NA
RMA6A,Baseline,9,5,10,7.5.1,Female,248.21,505.27,39,7,Glutamate,AM251,2,"1.4, 1.4, 1.5, 1.5, 1.5, 1.6",,1,NA
RMA6A,Baseline,10,7,14,7.5.1,Female,248.21,505.27,39,7,Glutamate,AM251,2,"1.4, 1.4, 1.5, 1.5, 1.5, 1.6",,1,NA
RMA6A,HFS,1,0,0,7.5.1,Female,248.21,505.27,39,7,Glutamate,AM251,2,"1.4, 1.4, 1.5, 1.5, 1.5, 1.6",,1,NA
RMA6A,HFS,2,0,0,7.5.1,Female,248.21,505.27,39,7,Glutamate,AM251,2,"1.4, 1.4, 1.5, 1.5, 1.5, 1.6",,1,NA
RMA6A,HFS,3,0,0,7.5.1,Female,248.21,505.27,39,7,Glutamate,AM251,2,"1.4, 1.4, 1.5, 1.5, 1.5, 1.6",,1,NA
RMA6A,HFS,4,0,0,7.5.1,Female,248.21,505.27,39,7,Glutamate,AM251,2,"1.4, 1.4, 1.5, 1.5, 1.5, 1.6",,1,NA
RMA6A,HFS,5,0,0,7.5.1,Female,248.21,505.27,39,7,Glutamate,AM251,2,"1.4, 1.4, 1.5, 1.5, 1.5, 1.6",,1,NA
RMA6A,HFS,6,6,12,7.5.1,Female,248.21,505.27,39,7,Glutamate,AM251,2,"1.4, 1.4, 1.5, 1.5, 1.5, 1.6",,1,NA
RMA6A,HFS,7,6,12,7.5.1,Female,248.21,505.27,39,7,Glutamate,AM251,2,"1.4, 1.4, 1.5, 1.5, 1.5, 1.6",,1,NA
RMA6A,HFS,8,7,14,7.5.1,Female,248.21,505.27,39,7,Glutamate,AM251,2,"1.4, 1.4, 1.5, 1.5, 1.5, 1.6",,1,NA
RMA6A,HFS,9,9,18,7.5.1,Female,248.21,505.27,39,7,Glutamate,AM251,2,"1.4, 1.4, 1.5, 1.5, 1.5, 1.6",,1,NA
RMA6A,HFS,10,12,24,7.5.1,Female,248.21,505.27,39,7,Glutamate,AM251,2,"1.4, 1.4, 1.5, 1.5, 1.5, 1.6",,1,NA
RMA8,Baseline,1,0,0,4.2.4,Female,175.42,348.28,30,4,Glutamate,Control,2,"1.4, 1.5,  1.6,  1.7, 1.8, 1.8",,0,NA
RMA8,Baseline,2,0,0,4.2.4,Female,175.42,348.28,30,4,Glutamate,Control,2,"1.4, 1.5,  1.6,  1.7, 1.8, 1.8",,0,NA
RMA8,Baseline,3,0,0,4.2.4,Female,175.42,348.28,30,4,Glutamate,Control,2,"1.4, 1.5,  1.6,  1.7, 1.8, 1.8",,0,NA
RMA8,Baseline,4,0,0,4.2.4,Female,175.42,348.28,30,4,Glutamate,Control,2,"1.4, 1.5,  1.6,  1.7, 1.8, 1.8",,0,NA
RMA8,Baseline,5,0,0,4.2.4,Female,175.42,348.28,30,4,Glutamate,Control,2,"1.4, 1.5,  1.6,  1.7, 1.8, 1.8",,0,NA
RMA8,Baseline,6,0,0,4.2.4,Female,175.42,348.28,30,4,Glutamate,Control,2,"1.4, 1.5,  1.6,  1.7, 1.8, 1.8",,0,NA
RMA8,Baseline,7,0,0,4.2.4,Female,175.42,348.28,30,4,Glutamate,Control,2,"1.4, 1.5,  1.6,  1.7, 1.8, 1.8",,0,NA
RMA8,Baseline,8,0,0,4.2.4,Female,175.42,348.28,30,4,Glutamate,Control,2,"1.4, 1.5,  1.6,  1.7, 1.8, 1.8",,0,NA
RMA8,Baseline,9,1,2,4.2.4,Female,175.42,348.28,30,4,Glutamate,Control,2,"1.4, 1.5,  1.6,  1.7, 1.8, 1.8",,0,NA
RMA8,Baseline,10,1,2,4.2.4,Female,175.42,348.28,30,4,Glutamate,Control,2,"1.4, 1.5,  1.6,  1.7, 1.8, 1.8",,0,NA
RMA8,HFS,1,0,0,4.2.4,Female,175.42,348.28,30,4,Glutamate,Control,2,"1.4, 1.5,  1.6,  1.7, 1.8, 1.8",,0,NA
RMA8,HFS,2,0,0,4.2.4,Female,175.42,348.28,30,4,Glutamate,Control,2,"1.4, 1.5,  1.6,  1.7, 1.8, 1.8",,0,NA
RMA8,HFS,3,0,0,4.2.4,Female,175.42,348.28,30,4,Glutamate,Control,2,"1.4, 1.5,  1.6,  1.7, 1.8, 1.8",,0,NA
RMA8,HFS,4,0,0,4.2.4,Female,175.42,348.28,30,4,Glutamate,Control,2,"1.4, 1.5,  1.6,  1.7, 1.8, 1.8",,0,NA
RMA8,HFS,5,0,0,4.2.4,Female,175.42,348.28,30,4,Glutamate,Control,2,"1.4, 1.5,  1.6,  1.7, 1.8, 1.8",,0,NA
RMA8,HFS,6,0,0,4.2.4,Female,175.42,348.28,30,4,Glutamate,Control,2,"1.4, 1.5,  1.6,  1.7, 1.8, 1.8",,0,NA
RMA8,HFS,7,0,0,4.2.4,Female,175.42,348.28,30,4,Glutamate,Control,2,"1.4, 1.5,  1.6,  1.7, 1.8, 1.8",,0,NA
RMA8,HFS,8,0,0,4.2.4,Female,175.42,348.28,30,4,Glutamate,Control,2,"1.4, 1.5,  1.6,  1.7, 1.8, 1.8",,0,NA
RMA8,HFS,9,1,2,4.2.4,Female,175.42,348.28,30,4,Glutamate,Control,2,"1.4, 1.5,  1.6,  1.7, 1.8, 1.8",,0,NA
RMA8,HFS,10,2,4,4.2.4,Female,175.42,348.28,30,4,Glutamate,Control,2,"1.4, 1.5,  1.6,  1.7, 1.8, 1.8",,0,NA
RMA9,Baseline,1,0,0,5.1.5,Female,229.95,496.08,36,5,Glutamate,Control,2,"2.1, 2.2, 2.2, 2.2, 2.2, 2.3",,0,NA
RMA9,Baseline,2,0,0,5.1.5,Female,229.95,496.08,36,5,Glutamate,Control,2,"2.1, 2.2, 2.2, 2.2, 2.2, 2.3",,0,NA
RMA9,Baseline,3,0,0,5.1.5,Female,229.95,496.08,36,5,Glutamate,Control,2,"2.1, 2.2, 2.2, 2.2, 2.2, 2.3",,0,NA
RMA9,Baseline,4,0,0,5.1.5,Female,229.95,496.08,36,5,Glutamate,Control,2,"2.1, 2.2, 2.2, 2.2, 2.2, 2.3",,0,NA
RMA9,Baseline,5,2,4,5.1.5,Female,229.95,496.08,36,5,Glutamate,Control,2,"2.1, 2.2, 2.2, 2.2, 2.2, 2.3",,0,NA
RMA9,Baseline,6,4,8,5.1.5,Female,229.95,496.08,36,5,Glutamate,Control,2,"2.1, 2.2, 2.2, 2.2, 2.2, 2.3",,0,NA
RMA9,Baseline,7,6,12,5.1.5,Female,229.95,496.08,36,5,Glutamate,Control,2,"2.1, 2.2, 2.2, 2.2, 2.2, 2.3",,0,NA
RMA9,Baseline,8,9,18,5.1.5,Female,229.95,496.08,36,5,Glutamate,Control,2,"2.1, 2.2, 2.2, 2.2, 2.2, 2.3",,0,NA
RMA9,Baseline,9,11,22,5.1.5,Female,229.95,496.08,36,5,Glutamate,Control,2,"2.1, 2.2, 2.2, 2.2, 2.2, 2.3",,0,NA
RMA9,Baseline,10,13,26,5.1.5,Female,229.95,496.08,36,5,Glutamate,Control,2,"2.1, 2.2, 2.2, 2.2, 2.2, 2.3",,0,NA
RMA9,HFS,1,0,0,5.1.5,Female,229.95,496.08,36,5,Glutamate,Control,2,"2.1, 2.2, 2.2, 2.2, 2.2, 2.3",,0,NA
RMA9,HFS,2,0,0,5.1.5,Female,229.95,496.08,36,5,Glutamate,Control,2,"2.1, 2.2, 2.2, 2.2, 2.2, 2.3",,0,NA
RMA9,HFS,3,0,0,5.1.5,Female,229.95,496.08,36,5,Glutamate,Control,2,"2.1, 2.2, 2.2, 2.2, 2.2, 2.3",,0,NA
RMA9,HFS,4,0,0,5.1.5,Female,229.95,496.08,36,5,Glutamate,Control,2,"2.1, 2.2, 2.2, 2.2, 2.2, 2.3",,0,NA
RMA9,HFS,5,0,0,5.1.5,Female,229.95,496.08,36,5,Glutamate,Control,2,"2.1, 2.2, 2.2, 2.2, 2.2, 2.3",,0,NA
RMA9,HFS,6,1,2,5.1.5,Female,229.95,496.08,36,5,Glutamate,Control,2,"2.1, 2.2, 2.2, 2.2, 2.2, 2.3",,0,NA
RMA9,HFS,7,2,4,5.1.5,Female,229.95,496.08,36,5,Glutamate,Control,2,"2.1, 2.2, 2.2, 2.2, 2.2, 2.3",,0,NA
RMA9,HFS,8,2,4,5.1.5,Female,229.95,496.08,36,5,Glutamate,Control,2,"2.1, 2.2, 2.2, 2.2, 2.2, 2.3",,0,NA
RMA9,HFS,9,7,14,5.1.5,Female,229.95,496.08,36,5,Glutamate,Control,2,"2.1, 2.2, 2.2, 2.2, 2.2, 2.3",,0,NA
RMA9,HFS,10,6,12,5.1.5,Female,229.95,496.08,36,5,Glutamate,Control,2,"2.1, 2.2, 2.2, 2.2, 2.2, 2.3",,0,NA
RMA7A,Baseline,1,0,0,,Female,41.26,262.25,30,8,Glutamate,AM251,2,"1.7, 1.8, 1.8, 1.9, 2.3, 2.1",currents go down before Ra increases,0,NA
RMA7A,Baseline,2,0,0,,Female,41.26,262.25,30,8,Glutamate,AM251,2,"1.7, 1.8, 1.8, 1.9, 2.3, 2.1",currents go down before Ra increases,0,NA
RMA7A,Baseline,3,0,0,,Female,41.26,262.25,30,8,Glutamate,AM251,2,"1.7, 1.8, 1.8, 1.9, 2.3, 2.1",currents go down before Ra increases,0,NA
RMA7A,Baseline,4,0,0,,Female,41.26,262.25,30,8,Glutamate,AM251,2,"1.7, 1.8, 1.8, 1.9, 2.3, 2.1",currents go down before Ra increases,0,NA
RMA7A,Baseline,5,0,0,,Female,41.26,262.25,30,8,Glutamate,AM251,2,"1.7, 1.8, 1.8, 1.9, 2.3, 2.1",currents go down before Ra increases,0,NA
RMA7A,Baseline,6,9,18,,Female,41.26,262.25,30,8,Glutamate,AM251,2,"1.7, 1.8, 1.8, 1.9, 2.3, 2.1",currents go down before Ra increases,0,NA
RMA7A,Baseline,7,15,30,,Female,41.26,262.25,30,8,Glutamate,AM251,2,"1.7, 1.8, 1.8, 1.9, 2.3, 2.1",currents go down before Ra increases,0,NA
RMA7A,Baseline,8,19,38,,Female,41.26,262.25,30,8,Glutamate,AM251,2,"1.7, 1.8, 1.8, 1.9, 2.3, 2.1",currents go down before Ra increases,0,NA
RMA7A,Baseline,9,8,16,,Female,41.26,262.25,30,8,Glutamate,AM251,2,"1.7, 1.8, 1.8, 1.9, 2.3, 2.1",currents go down before Ra increases,0,NA
RMA7A,Baseline,10,9,18,,Female,41.26,262.25,30,8,Glutamate,AM251,2,"1.7, 1.8, 1.8, 1.9, 2.3, 2.1",currents go down before Ra increases,0,NA
RMA7A,HFS,1,0,0,,Female,41.26,262.25,30,8,Glutamate,AM251,2,"1.7, 1.8, 1.8, 1.9, 2.3, 2.1",currents go down before Ra increases,0,NA
RMA7A,HFS,2,0,0,,Female,41.26,262.25,30,8,Glutamate,AM251,2,"1.7, 1.8, 1.8, 1.9, 2.3, 2.1",currents go down before Ra increases,0,NA
RMA7A,HFS,3,0,0,,Female,41.26,262.25,30,8,Glutamate,AM251,2,"1.7, 1.8, 1.8, 1.9, 2.3, 2.1",currents go down before Ra increases,0,NA
RMA7A,HFS,4,0,0,,Female,41.26,262.25,30,8,Glutamate,AM251,2,"1.7, 1.8, 1.8, 1.9, 2.3, 2.1",currents go down before Ra increases,0,NA
RMA7A,HFS,5,0,0,,Female,41.26,262.25,30,8,Glutamate,AM251,2,"1.7, 1.8, 1.8, 1.9, 2.3, 2.1",currents go down before Ra increases,0,NA
RMA7A,HFS,6,0,0,,Female,41.26,262.25,30,8,Glutamate,AM251,2,"1.7, 1.8, 1.8, 1.9, 2.3, 2.1",currents go down before Ra increases,0,NA
RMA7A,HFS,7,4,8,,Female,41.26,262.25,30,8,Glutamate,AM251,2,"1.7, 1.8, 1.8, 1.9, 2.3, 2.1",currents go down before Ra increases,0,NA
RMA7A,HFS,8,8,16,,Female,41.26,262.25,30,8,Glutamate,AM251,2,"1.7, 1.8, 1.8, 1.9, 2.3, 2.1",currents go down before Ra increases,0,NA
RMA7A,HFS,9,11,22,,Female,41.26,262.25,30,8,Glutamate,AM251,2,"1.7, 1.8, 1.8, 1.9, 2.3, 2.1",currents go down before Ra increases,0,NA
RMA7A,HFS,10,14,28,,Female,41.26,262.25,30,8,Glutamate,AM251,2,"1.7, 1.8, 1.8, 1.9, 2.3, 2.1",currents go down before Ra increases,0,NA
RMA8A,Baseline,1,0,0,,Female,234.17,572.72,30,8,Glutamate,AM251,2,"1.5, 1.5, 1.4, 1.4, 2.0, 1.9",currents go down before Ra increases,0,NA
RMA8A,Baseline,2,0,0,,Female,234.17,572.72,30,8,Glutamate,AM251,2,"1.5, 1.5, 1.4, 1.4, 2.0, 1.9",currents go down before Ra increases,0,NA
RMA8A,Baseline,3,0,0,,Female,234.17,572.72,30,8,Glutamate,AM251,2,"1.5, 1.5, 1.4, 1.4, 2.0, 1.9",currents go down before Ra increases,0,NA
RMA8A,Baseline,4,0,0,,Female,234.17,572.72,30,8,Glutamate,AM251,2,"1.5, 1.5, 1.4, 1.4, 2.0, 1.9",currents go down before Ra increases,0,NA
RMA8A,Baseline,5,0,0,,Female,234.17,572.72,30,8,Glutamate,AM251,2,"1.5, 1.5, 1.4, 1.4, 2.0, 1.9",currents go down before Ra increases,0,NA
RMA8A,Baseline,6,0,0,,Female,234.17,572.72,30,8,Glutamate,AM251,2,"1.5, 1.5, 1.4, 1.4, 2.0, 1.9",currents go down before Ra increases,0,NA
RMA8A,Baseline,7,0,0,,Female,234.17,572.72,30,8,Glutamate,AM251,2,"1.5, 1.5, 1.4, 1.4, 2.0, 1.9",currents go down before Ra increases,0,NA
RMA8A,Baseline,8,0,0,,Female,234.17,572.72,30,8,Glutamate,AM251,2,"1.5, 1.5, 1.4, 1.4, 2.0, 1.9",currents go down before Ra increases,0,NA
RMA8A,Baseline,9,2,4,,Female,234.17,572.72,30,8,Glutamate,AM251,2,"1.5, 1.5, 1.4, 1.4, 2.0, 1.9",currents go down before Ra increases,0,NA
RMA8A,Baseline,10,3,6,,Female,234.17,572.72,30,8,Glutamate,AM251,2,"1.5, 1.5, 1.4, 1.4, 2.0, 1.9",currents go down before Ra increases,0,NA
RMA8A,HFS,1,0,0,,Female,234.17,572.72,30,8,Glutamate,AM251,2,"1.5, 1.5, 1.4, 1.4, 2.0, 1.9",currents go down before Ra increases,0,NA
RMA8A,HFS,2,0,0,,Female,234.17,572.72,30,8,Glutamate,AM251,2,"1.5, 1.5, 1.4, 1.4, 2.0, 1.9",currents go down before Ra increases,0,NA
RMA8A,HFS,3,0,0,,Female,234.17,572.72,30,8,Glutamate,AM251,2,"1.5, 1.5, 1.4, 1.4, 2.0, 1.9",currents go down before Ra increases,0,NA
RMA8A,HFS,4,0,0,,Female,234.17,572.72,30,8,Glutamate,AM251,2,"1.5, 1.5, 1.4, 1.4, 2.0, 1.9",currents go down before Ra increases,0,NA
RMA8A,HFS,5,0,0,,Female,234.17,572.72,30,8,Glutamate,AM251,2,"1.5, 1.5, 1.4, 1.4, 2.0, 1.9",currents go down before Ra increases,0,NA
RMA8A,HFS,6,1,2,,Female,234.17,572.72,30,8,Glutamate,AM251,2,"1.5, 1.5, 1.4, 1.4, 2.0, 1.9",currents go down before Ra increases,0,NA
RMA8A,HFS,7,2,4,,Female,234.17,572.72,30,8,Glutamate,AM251,2,"1.5, 1.5, 1.4, 1.4, 2.0, 1.9",currents go down before Ra increases,0,NA
RMA8A,HFS,8,3,6,,Female,234.17,572.72,30,8,Glutamate,AM251,2,"1.5, 1.5, 1.4, 1.4, 2.0, 1.9",currents go down before Ra increases,0,NA
RMA8A,HFS,9,4,8,,Female,234.17,572.72,30,8,Glutamate,AM251,2,"1.5, 1.5, 1.4, 1.4, 2.0, 1.9",currents go down before Ra increases,0,NA
RMA8A,HFS,10,5,10,,Female,234.17,572.72,30,8,Glutamate,AM251,2,"1.5, 1.5, 1.4, 1.4, 2.0, 1.9",currents go down before Ra increases,0,NA
RMR2,Baseline,1,0,0,,Female,NA,NA,NA,NA,Glutamate,Control,3,less than 1 the whole time,,NA,NA
RMR2,Baseline,2,0,0,,Female,NA,NA,NA,NA,Glutamate,Control,3,less than 1 the whole time,,NA,NA
RMR2,Baseline,3,0,0,,Female,NA,NA,NA,NA,Glutamate,Control,3,less than 1 the whole time,,NA,NA
RMR2,Baseline,4,0,0,,Female,NA,NA,NA,NA,Glutamate,Control,3,less than 1 the whole time,,NA,NA
RMR2,Baseline,5,0,0,,Female,NA,NA,NA,NA,Glutamate,Control,3,less than 1 the whole time,,NA,NA
RMR2,Baseline,6,0,0,,Female,NA,NA,NA,NA,Glutamate,Control,3,less than 1 the whole time,,NA,NA
RMR2,Baseline,7,0,0,,Female,NA,NA,NA,NA,Glutamate,Control,3,less than 1 the whole time,,NA,NA
RMR2,Baseline,8,0,0,,Female,NA,NA,NA,NA,Glutamate,Control,3,less than 1 the whole time,,NA,NA
RMR2,Baseline,9,0,0,,Female,NA,NA,NA,NA,Glutamate,Control,3,less than 1 the whole time,,NA,NA
RMR2,Baseline,10,1,2,,Female,NA,NA,NA,NA,Glutamate,Control,3,less than 1 the whole time,,NA,NA
RMR2,HFS,1,0,0,,Female,NA,NA,NA,NA,Glutamate,Control,3,less than 1 the whole time,,NA,NA
RMR2,HFS,2,0,0,,Female,NA,NA,NA,NA,Glutamate,Control,3,less than 1 the whole time,,NA,NA
RMR2,HFS,3,0,0,,Female,NA,NA,NA,NA,Glutamate,Control,3,less than 1 the whole time,,NA,NA
RMR2,HFS,4,0,0,,Female,NA,NA,NA,NA,Glutamate,Control,3,less than 1 the whole time,,NA,NA
RMR2,HFS,5,0,0,,Female,NA,NA,NA,NA,Glutamate,Control,3,less than 1 the whole time,,NA,NA
RMR2,HFS,6,0,0,,Female,NA,NA,NA,NA,Glutamate,Control,3,less than 1 the whole time,,NA,NA
RMR2,HFS,7,0,0,,Female,NA,NA,NA,NA,Glutamate,Control,3,less than 1 the whole time,,NA,NA
RMR2,HFS,8,0,0,,Female,NA,NA,NA,NA,Glutamate,Control,3,less than 1 the whole time,,NA,NA
RMR2,HFS,9,1,2,,Female,NA,NA,NA,NA,Glutamate,Control,3,less than 1 the whole time,,NA,NA
RMR2,HFS,10,1,2,,Female,NA,NA,NA,NA,Glutamate,Control,3,less than 1 the whole time,,NA,NA
RMR3,Baseline,1,0,0,,Female,NA,NA,NA,NA,Glutamate,Control,3,"1.9, 1.9, 2.0, 2.0, 2.0, 2.0, 2.0",,NA,NA
RMR3,Baseline,2,0,0,,Female,NA,NA,NA,NA,Glutamate,Control,3,"1.9, 1.9, 2.0, 2.0, 2.0, 2.0, 2.0",,NA,NA
RMR3,Baseline,3,0,0,,Female,NA,NA,NA,NA,Glutamate,Control,3,"1.9, 1.9, 2.0, 2.0, 2.0, 2.0, 2.0",,NA,NA
RMR3,Baseline,4,0,0,,Female,NA,NA,NA,NA,Glutamate,Control,3,"1.9, 1.9, 2.0, 2.0, 2.0, 2.0, 2.0",,NA,NA
RMR3,Baseline,5,0,0,,Female,NA,NA,NA,NA,Glutamate,Control,3,"1.9, 1.9, 2.0, 2.0, 2.0, 2.0, 2.0",,NA,NA
RMR3,Baseline,6,3,6,,Female,NA,NA,NA,NA,Glutamate,Control,3,"1.9, 1.9, 2.0, 2.0, 2.0, 2.0, 2.0",,NA,NA
RMR3,Baseline,7,4,8,,Female,NA,NA,NA,NA,Glutamate,Control,3,"1.9, 1.9, 2.0, 2.0, 2.0, 2.0, 2.0",,NA,NA
RMR3,Baseline,8,6,12,,Female,NA,NA,NA,NA,Glutamate,Control,3,"1.9, 1.9, 2.0, 2.0, 2.0, 2.0, 2.0",,NA,NA
RMR3,Baseline,9,7,14,,Female,NA,NA,NA,NA,Glutamate,Control,3,"1.9, 1.9, 2.0, 2.0, 2.0, 2.0, 2.0",,NA,NA
RMR3,Baseline,10,8,16,,Female,NA,NA,NA,NA,Glutamate,Control,3,"1.9, 1.9, 2.0, 2.0, 2.0, 2.0, 2.0",,NA,NA
RMR3,HFS,1,0,0,,Female,NA,NA,NA,NA,Glutamate,Control,3,"1.9, 1.9, 2.0, 2.0, 2.0, 2.0, 2.0",,NA,NA
RMR3,HFS,2,0,0,,Female,NA,NA,NA,NA,Glutamate,Control,3,"1.9, 1.9, 2.0, 2.0, 2.0, 2.0, 2.0",,NA,NA
RMR3,HFS,3,0,0,,Female,NA,NA,NA,NA,Glutamate,Control,3,"1.9, 1.9, 2.0, 2.0, 2.0, 2.0, 2.0",,NA,NA
RMR3,HFS,4,0,0,,Female,NA,NA,NA,NA,Glutamate,Control,3,"1.9, 1.9, 2.0, 2.0, 2.0, 2.0, 2.0",,NA,NA
RMR3,HFS,5,0,0,,Female,NA,NA,NA,NA,Glutamate,Control,3,"1.9, 1.9, 2.0, 2.0, 2.0, 2.0, 2.0",,NA,NA
RMR3,HFS,6,0,0,,Female,NA,NA,NA,NA,Glutamate,Control,3,"1.9, 1.9, 2.0, 2.0, 2.0, 2.0, 2.0",,NA,NA
RMR3,HFS,7,2,4,,Female,NA,NA,NA,NA,Glutamate,Control,3,"1.9, 1.9, 2.0, 2.0, 2.0, 2.0, 2.0",,NA,NA
RMR3,HFS,8,2,4,,Female,NA,NA,NA,NA,Glutamate,Control,3,"1.9, 1.9, 2.0, 2.0, 2.0, 2.0, 2.0",,NA,NA
RMR3,HFS,9,6,12,,Female,NA,NA,NA,NA,Glutamate,Control,3,"1.9, 1.9, 2.0, 2.0, 2.0, 2.0, 2.0",,NA,NA
RMR3,HFS,10,4,8,,Female,NA,NA,NA,NA,Glutamate,Control,3,"1.9, 1.9, 2.0, 2.0, 2.0, 2.0, 2.0",,NA,NA
RMR4,Baseline,1,0,0,3.2.2,Female,240.34,713.92,30,NA,Glutamate,Control,3,"1.9, 2.0, 2.1, 2.1, 2.1, 2.3",,NA,NA
RMR4,Baseline,2,0,0,3.2.2,Female,240.34,713.92,30,NA,Glutamate,Control,3,"1.9, 2.0, 2.1, 2.1, 2.1, 2.3",,NA,NA
RMR4,Baseline,3,0,0,3.2.2,Female,240.34,713.92,30,NA,Glutamate,Control,3,"1.9, 2.0, 2.1, 2.1, 2.1, 2.3",,NA,NA
RMR4,Baseline,4,0,0,3.2.2,Female,240.34,713.92,30,NA,Glutamate,Control,3,"1.9, 2.0, 2.1, 2.1, 2.1, 2.3",,NA,NA
RMR4,Baseline,5,0,0,3.2.2,Female,240.34,713.92,30,NA,Glutamate,Control,3,"1.9, 2.0, 2.1, 2.1, 2.1, 2.3",,NA,NA
RMR4,Baseline,6,0,0,3.2.2,Female,240.34,713.92,30,NA,Glutamate,Control,3,"1.9, 2.0, 2.1, 2.1, 2.1, 2.3",,NA,NA
RMR4,Baseline,7,3,6,3.2.2,Female,240.34,713.92,30,NA,Glutamate,Control,3,"1.9, 2.0, 2.1, 2.1, 2.1, 2.3",,NA,NA
RMR4,Baseline,8,5,10,3.2.2,Female,240.34,713.92,30,NA,Glutamate,Control,3,"1.9, 2.0, 2.1, 2.1, 2.1, 2.3",,NA,NA
RMR4,Baseline,9,6,12,3.2.2,Female,240.34,713.92,30,NA,Glutamate,Control,3,"1.9, 2.0, 2.1, 2.1, 2.1, 2.3",,NA,NA
RMR4,Baseline,10,7,14,3.2.2,Female,240.34,713.92,30,NA,Glutamate,Control,3,"1.9, 2.0, 2.1, 2.1, 2.1, 2.3",,NA,NA
RMR4,HFS,1,0,0,3.2.2,Female,240.34,713.92,30,NA,Glutamate,Control,3,"1.9, 2.0, 2.1, 2.1, 2.1, 2.3",,NA,NA
RMR4,HFS,2,0,0,3.2.2,Female,240.34,713.92,30,NA,Glutamate,Control,3,"1.9, 2.0, 2.1, 2.1, 2.1, 2.3",,NA,NA
RMR4,HFS,3,0,0,3.2.2,Female,240.34,713.92,30,NA,Glutamate,Control,3,"1.9, 2.0, 2.1, 2.1, 2.1, 2.3",,NA,NA
RMR4,HFS,4,0,0,3.2.2,Female,240.34,713.92,30,NA,Glutamate,Control,3,"1.9, 2.0, 2.1, 2.1, 2.1, 2.3",,NA,NA
RMR4,HFS,5,0,0,3.2.2,Female,240.34,713.92,30,NA,Glutamate,Control,3,"1.9, 2.0, 2.1, 2.1, 2.1, 2.3",,NA,NA
RMR4,HFS,6,0,0,3.2.2,Female,240.34,713.92,30,NA,Glutamate,Control,3,"1.9, 2.0, 2.1, 2.1, 2.1, 2.3",,NA,NA
RMR4,HFS,7,0,0,3.2.2,Female,240.34,713.92,30,NA,Glutamate,Control,3,"1.9, 2.0, 2.1, 2.1, 2.1, 2.3",,NA,NA
RMR4,HFS,8,1,2,3.2.2,Female,240.34,713.92,30,NA,Glutamate,Control,3,"1.9, 2.0, 2.1, 2.1, 2.1, 2.3",,NA,NA
RMR4,HFS,9,3,6,3.2.2,Female,240.34,713.92,30,NA,Glutamate,Control,3,"1.9, 2.0, 2.1, 2.1, 2.1, 2.3",,NA,NA
RMR4,HFS,10,4,8,3.2.2,Female,240.34,713.92,30,NA,Glutamate,Control,3,"1.9, 2.0, 2.1, 2.1, 2.1, 2.3",,NA,NA
RMR5,Baseline,1,0,0,3.3.1,Female,124.54,352.66,30,NA,Glutamate,Control,3,"1.2, 1.3, 1.3, 1.4, 1.4",,NA,NA
RMR5,Baseline,2,0,0,3.3.1,Female,124.54,352.66,30,NA,Glutamate,Control,3,"1.2, 1.3, 1.3, 1.4, 1.4",,NA,NA
RMR5,Baseline,3,0,0,3.3.1,Female,124.54,352.66,30,NA,Glutamate,Control,3,"1.2, 1.3, 1.3, 1.4, 1.4",,NA,NA
RMR5,Baseline,4,0,0,3.3.1,Female,124.54,352.66,30,NA,Glutamate,Control,3,"1.2, 1.3, 1.3, 1.4, 1.4",,NA,NA
RMR5,Baseline,5,0,0,3.3.1,Female,124.54,352.66,30,NA,Glutamate,Control,3,"1.2, 1.3, 1.3, 1.4, 1.4",,NA,NA
RMR5,Baseline,6,1,2,3.3.1,Female,124.54,352.66,30,NA,Glutamate,Control,3,"1.2, 1.3, 1.3, 1.4, 1.4",,NA,NA
RMR5,Baseline,7,4,8,3.3.1,Female,124.54,352.66,30,NA,Glutamate,Control,3,"1.2, 1.3, 1.3, 1.4, 1.4",,NA,NA
RMR5,Baseline,8,5,10,3.3.1,Female,124.54,352.66,30,NA,Glutamate,Control,3,"1.2, 1.3, 1.3, 1.4, 1.4",,NA,NA
RMR5,Baseline,9,6,12,3.3.1,Female,124.54,352.66,30,NA,Glutamate,Control,3,"1.2, 1.3, 1.3, 1.4, 1.4",,NA,NA
RMR5,Baseline,10,7,14,3.3.1,Female,124.54,352.66,30,NA,Glutamate,Control,3,"1.2, 1.3, 1.3, 1.4, 1.4",,NA,NA
RMR5,HFS,1,0,0,3.3.1,Female,124.54,352.66,30,NA,Glutamate,Control,3,"1.2, 1.3, 1.3, 1.4, 1.4",,NA,NA
RMR5,HFS,2,0,0,3.3.1,Female,124.54,352.66,30,NA,Glutamate,Control,3,"1.2, 1.3, 1.3, 1.4, 1.4",,NA,NA
RMR5,HFS,3,0,0,3.3.1,Female,124.54,352.66,30,NA,Glutamate,Control,3,"1.2, 1.3, 1.3, 1.4, 1.4",,NA,NA
RMR5,HFS,4,0,0,3.3.1,Female,124.54,352.66,30,NA,Glutamate,Control,3,"1.2, 1.3, 1.3, 1.4, 1.4",,NA,NA
RMR5,HFS,5,0,0,3.3.1,Female,124.54,352.66,30,NA,Glutamate,Control,3,"1.2, 1.3, 1.3, 1.4, 1.4",,NA,NA
RMR5,HFS,6,0,0,3.3.1,Female,124.54,352.66,30,NA,Glutamate,Control,3,"1.2, 1.3, 1.3, 1.4, 1.4",,NA,NA
RMR5,HFS,7,0,0,3.3.1,Female,124.54,352.66,30,NA,Glutamate,Control,3,"1.2, 1.3, 1.3, 1.4, 1.4",,NA,NA
RMR5,HFS,8,1,2,3.3.1,Female,124.54,352.66,30,NA,Glutamate,Control,3,"1.2, 1.3, 1.3, 1.4, 1.4",,NA,NA
RMR5,HFS,9,2,4,3.3.1,Female,124.54,352.66,30,NA,Glutamate,Control,3,"1.2, 1.3, 1.3, 1.4, 1.4",,NA,NA
RMR5,HFS,10,3,6,3.3.1,Female,124.54,352.66,30,NA,Glutamate,Control,3,"1.2, 1.3, 1.3, 1.4, 1.4",,NA,NA
RMR6,Baseline,1,0,0,5.2.1,Female,149.98,349.97,29,NA,Glutamate,Control,3,"2.0, 2.0, 2.0, 2.0, 2.0",,NA,NA
RMR6,Baseline,2,0,0,5.2.1,Female,149.98,349.97,29,NA,Glutamate,Control,3,"2.0, 2.0, 2.0, 2.0, 2.0",,NA,NA
RMR6,Baseline,3,0,0,5.2.1,Female,149.98,349.97,29,NA,Glutamate,Control,3,"2.0, 2.0, 2.0, 2.0, 2.0",,NA,NA
RMR6,Baseline,4,0,0,5.2.1,Female,149.98,349.97,29,NA,Glutamate,Control,3,"2.0, 2.0, 2.0, 2.0, 2.0",,NA,NA
RMR6,Baseline,5,2,4,5.2.1,Female,149.98,349.97,29,NA,Glutamate,Control,3,"2.0, 2.0, 2.0, 2.0, 2.0",,NA,NA
RMR6,Baseline,6,6,12,5.2.1,Female,149.98,349.97,29,NA,Glutamate,Control,3,"2.0, 2.0, 2.0, 2.0, 2.0",,NA,NA
RMR6,Baseline,7,9,18,5.2.1,Female,149.98,349.97,29,NA,Glutamate,Control,3,"2.0, 2.0, 2.0, 2.0, 2.0",,NA,NA
RMR6,Baseline,8,11,22,5.2.1,Female,149.98,349.97,29,NA,Glutamate,Control,3,"2.0, 2.0, 2.0, 2.0, 2.0",,NA,NA
RMR6,Baseline,9,12,24,5.2.1,Female,149.98,349.97,29,NA,Glutamate,Control,3,"2.0, 2.0, 2.0, 2.0, 2.0",,NA,NA
RMR6,Baseline,10,14,28,5.2.1,Female,149.98,349.97,29,NA,Glutamate,Control,3,"2.0, 2.0, 2.0, 2.0, 2.0",,NA,NA
RMR6,HFS,1,0,0,5.2.1,Female,149.98,349.97,29,NA,Glutamate,Control,3,"2.0, 2.0, 2.0, 2.0, 2.0",,NA,NA
RMR6,HFS,2,0,0,5.2.1,Female,149.98,349.97,29,NA,Glutamate,Control,3,"2.0, 2.0, 2.0, 2.0, 2.0",,NA,NA
RMR6,HFS,3,0,0,5.2.1,Female,149.98,349.97,29,NA,Glutamate,Control,3,"2.0, 2.0, 2.0, 2.0, 2.0",,NA,NA
RMR6,HFS,4,0,0,5.2.1,Female,149.98,349.97,29,NA,Glutamate,Control,3,"2.0, 2.0, 2.0, 2.0, 2.0",,NA,NA
RMR6,HFS,5,1,2,5.2.1,Female,149.98,349.97,29,NA,Glutamate,Control,3,"2.0, 2.0, 2.0, 2.0, 2.0",,NA,NA
RMR6,HFS,6,3,6,5.2.1,Female,149.98,349.97,29,NA,Glutamate,Control,3,"2.0, 2.0, 2.0, 2.0, 2.0",,NA,NA
RMR6,HFS,7,5,10,5.2.1,Female,149.98,349.97,29,NA,Glutamate,Control,3,"2.0, 2.0, 2.0, 2.0, 2.0",,NA,NA
RMR6,HFS,8,8,16,5.2.1,Female,149.98,349.97,29,NA,Glutamate,Control,3,"2.0, 2.0, 2.0, 2.0, 2.0",,NA,NA
RMR6,HFS,9,10,20,5.2.1,Female,149.98,349.97,29,NA,Glutamate,Control,3,"2.0, 2.0, 2.0, 2.0, 2.0",,NA,NA
RMR6,HFS,10,11,22,5.2.1,Female,149.98,349.97,29,NA,Glutamate,Control,3,"2.0, 2.0, 2.0, 2.0, 2.0",,NA,NA
RMA10A,Baseline,1,0,0,9.3.4,Female,234.18,615.7,37,9,Glutamate,AM251,2,"2.3, 2.1, 2.3, 2.3, 2.2, 2.3",,0,acute animal 9 was fasted from like 10:30 to 2:30 on Monday but mostly asleep and easily reintergrated with the others
RMA10A,Baseline,2,0,0,9.3.4,Female,234.18,615.7,37,9,Glutamate,AM251,2,"2.3, 2.1, 2.3, 2.3, 2.2, 2.3",,0,acute animal 9 was fasted from like 10:30 to 2:30 on Monday but mostly asleep and easily reintergrated with the others
RMA10A,Baseline,3,0,0,9.3.4,Female,234.18,615.7,37,9,Glutamate,AM251,2,"2.3, 2.1, 2.3, 2.3, 2.2, 2.3",,0,acute animal 9 was fasted from like 10:30 to 2:30 on Monday but mostly asleep and easily reintergrated with the others
RMA10A,Baseline,4,0,0,9.3.4,Female,234.18,615.7,37,9,Glutamate,AM251,2,"2.3, 2.1, 2.3, 2.3, 2.2, 2.3",,0,acute animal 9 was fasted from like 10:30 to 2:30 on Monday but mostly asleep and easily reintergrated with the others
RMA10A,Baseline,5,7,14,9.3.4,Female,234.18,615.7,37,9,Glutamate,AM251,2,"2.3, 2.1, 2.3, 2.3, 2.2, 2.3",,0,acute animal 9 was fasted from like 10:30 to 2:30 on Monday but mostly asleep and easily reintergrated with the others
RMA10A,Baseline,6,7,14,9.3.4,Female,234.18,615.7,37,9,Glutamate,AM251,2,"2.3, 2.1, 2.3, 2.3, 2.2, 2.3",,0,acute animal 9 was fasted from like 10:30 to 2:30 on Monday but mostly asleep and easily reintergrated with the others
RMA10A,Baseline,7,10,20,9.3.4,Female,234.18,615.7,37,9,Glutamate,AM251,2,"2.3, 2.1, 2.3, 2.3, 2.2, 2.3",,0,acute animal 9 was fasted from like 10:30 to 2:30 on Monday but mostly asleep and easily reintergrated with the others
RMA10A,Baseline,8,8,16,9.3.4,Female,234.18,615.7,37,9,Glutamate,AM251,2,"2.3, 2.1, 2.3, 2.3, 2.2, 2.3",,0,acute animal 9 was fasted from like 10:30 to 2:30 on Monday but mostly asleep and easily reintergrated with the others
RMA10A,Baseline,9,6,12,9.3.4,Female,234.18,615.7,37,9,Glutamate,AM251,2,"2.3, 2.1, 2.3, 2.3, 2.2, 2.3",,0,acute animal 9 was fasted from like 10:30 to 2:30 on Monday but mostly asleep and easily reintergrated with the others
RMA10A,Baseline,10,6,12,9.3.4,Female,234.18,615.7,37,9,Glutamate,AM251,2,"2.3, 2.1, 2.3, 2.3, 2.2, 2.3",,0,acute animal 9 was fasted from like 10:30 to 2:30 on Monday but mostly asleep and easily reintergrated with the others
RMA10A,HFS,1,0,0,9.3.4,Female,234.18,615.7,37,9,Glutamate,AM251,2,"2.3, 2.1, 2.3, 2.3, 2.2, 2.3",,0,acute animal 9 was fasted from like 10:30 to 2:30 on Monday but mostly asleep and easily reintergrated with the others
RMA10A,HFS,2,0,0,9.3.4,Female,234.18,615.7,37,9,Glutamate,AM251,2,"2.3, 2.1, 2.3, 2.3, 2.2, 2.3",,0,acute animal 9 was fasted from like 10:30 to 2:30 on Monday but mostly asleep and easily reintergrated with the others
RMA10A,HFS,3,0,0,9.3.4,Female,234.18,615.7,37,9,Glutamate,AM251,2,"2.3, 2.1, 2.3, 2.3, 2.2, 2.3",,0,acute animal 9 was fasted from like 10:30 to 2:30 on Monday but mostly asleep and easily reintergrated with the others
RMA10A,HFS,4,0,0,9.3.4,Female,234.18,615.7,37,9,Glutamate,AM251,2,"2.3, 2.1, 2.3, 2.3, 2.2, 2.3",,0,acute animal 9 was fasted from like 10:30 to 2:30 on Monday but mostly asleep and easily reintergrated with the others
RMA10A,HFS,5,0,0,9.3.4,Female,234.18,615.7,37,9,Glutamate,AM251,2,"2.3, 2.1, 2.3, 2.3, 2.2, 2.3",,0,acute animal 9 was fasted from like 10:30 to 2:30 on Monday but mostly asleep and easily reintergrated with the others
RMA10A,HFS,6,5,10,9.3.4,Female,234.18,615.7,37,9,Glutamate,AM251,2,"2.3, 2.1, 2.3, 2.3, 2.2, 2.3",,0,acute animal 9 was fasted from like 10:30 to 2:30 on Monday but mostly asleep and easily reintergrated with the others
RMA10A,HFS,7,4,8,9.3.4,Female,234.18,615.7,37,9,Glutamate,AM251,2,"2.3, 2.1, 2.3, 2.3, 2.2, 2.3",,0,acute animal 9 was fasted from like 10:30 to 2:30 on Monday but mostly asleep and easily reintergrated with the others
RMA10A,HFS,8,6,12,9.3.4,Female,234.18,615.7,37,9,Glutamate,AM251,2,"2.3, 2.1, 2.3, 2.3, 2.2, 2.3",,0,acute animal 9 was fasted from like 10:30 to 2:30 on Monday but mostly asleep and easily reintergrated with the others
RMA10A,HFS,9,6,12,9.3.4,Female,234.18,615.7,37,9,Glutamate,AM251,2,"2.3, 2.1, 2.3, 2.3, 2.2, 2.3",,0,acute animal 9 was fasted from like 10:30 to 2:30 on Monday but mostly asleep and easily reintergrated with the others
RMA10A,HFS,10,5,10,9.3.4,Female,234.18,615.7,37,9,Glutamate,AM251,2,"2.3, 2.1, 2.3, 2.3, 2.2, 2.3",,0,acute animal 9 was fasted from like 10:30 to 2:30 on Monday but mostly asleep and easily reintergrated with the others
RMA9A,Baseline,1,0,0,9.1.2,Female,120.16,228.09,37,9,Glutamate,AM251,2,"1.2, 1.2, 1.2, 1.2, 1.2, 1.2",,0,acute animal 9 was fasted from like 10:30 to 2:30 on Monday but mostly asleep and easily reintergrated with the others
RMA9A,Baseline,2,0,0,9.1.2,Female,120.16,228.09,37,9,Glutamate,AM251,2,"1.2, 1.2, 1.2, 1.2, 1.2, 1.2",,0,acute animal 9 was fasted from like 10:30 to 2:30 on Monday but mostly asleep and easily reintergrated with the others
RMA9A,Baseline,3,0,0,9.1.2,Female,120.16,228.09,37,9,Glutamate,AM251,2,"1.2, 1.2, 1.2, 1.2, 1.2, 1.2",,0,acute animal 9 was fasted from like 10:30 to 2:30 on Monday but mostly asleep and easily reintergrated with the others
RMA9A,Baseline,4,0,0,9.1.2,Female,120.16,228.09,37,9,Glutamate,AM251,2,"1.2, 1.2, 1.2, 1.2, 1.2, 1.2",,0,acute animal 9 was fasted from like 10:30 to 2:30 on Monday but mostly asleep and easily reintergrated with the others
RMA9A,Baseline,5,0,0,9.1.2,Female,120.16,228.09,37,9,Glutamate,AM251,2,"1.2, 1.2, 1.2, 1.2, 1.2, 1.2",,0,acute animal 9 was fasted from like 10:30 to 2:30 on Monday but mostly asleep and easily reintergrated with the others
RMA9A,Baseline,6,0,0,9.1.2,Female,120.16,228.09,37,9,Glutamate,AM251,2,"1.2, 1.2, 1.2, 1.2, 1.2, 1.2",,0,acute animal 9 was fasted from like 10:30 to 2:30 on Monday but mostly asleep and easily reintergrated with the others
RMA9A,Baseline,7,0,0,9.1.2,Female,120.16,228.09,37,9,Glutamate,AM251,2,"1.2, 1.2, 1.2, 1.2, 1.2, 1.2",,0,acute animal 9 was fasted from like 10:30 to 2:30 on Monday but mostly asleep and easily reintergrated with the others
RMA9A,Baseline,8,0,0,9.1.2,Female,120.16,228.09,37,9,Glutamate,AM251,2,"1.2, 1.2, 1.2, 1.2, 1.2, 1.2",,0,acute animal 9 was fasted from like 10:30 to 2:30 on Monday but mostly asleep and easily reintergrated with the others
RMA9A,Baseline,9,2,4,9.1.2,Female,120.16,228.09,37,9,Glutamate,AM251,2,"1.2, 1.2, 1.2, 1.2, 1.2, 1.2",,0,acute animal 9 was fasted from like 10:30 to 2:30 on Monday but mostly asleep and easily reintergrated with the others
RMA9A,Baseline,10,3,6,9.1.2,Female,120.16,228.09,37,9,Glutamate,AM251,2,"1.2, 1.2, 1.2, 1.2, 1.2, 1.2",,0,acute animal 9 was fasted from like 10:30 to 2:30 on Monday but mostly asleep and easily reintergrated with the others
RMA9A,HFS,1,0,0,9.1.2,Female,120.16,228.09,37,9,Glutamate,AM251,2,"1.2, 1.2, 1.2, 1.2, 1.2, 1.2",,0,acute animal 9 was fasted from like 10:30 to 2:30 on Monday but mostly asleep and easily reintergrated with the others
RMA9A,HFS,2,0,0,9.1.2,Female,120.16,228.09,37,9,Glutamate,AM251,2,"1.2, 1.2, 1.2, 1.2, 1.2, 1.2",,0,acute animal 9 was fasted from like 10:30 to 2:30 on Monday but mostly asleep and easily reintergrated with the others
RMA9A,HFS,3,0,0,9.1.2,Female,120.16,228.09,37,9,Glutamate,AM251,2,"1.2, 1.2, 1.2, 1.2, 1.2, 1.2",,0,acute animal 9 was fasted from like 10:30 to 2:30 on Monday but mostly asleep and easily reintergrated with the others
RMA9A,HFS,4,0,0,9.1.2,Female,120.16,228.09,37,9,Glutamate,AM251,2,"1.2, 1.2, 1.2, 1.2, 1.2, 1.2",,0,acute animal 9 was fasted from like 10:30 to 2:30 on Monday but mostly asleep and easily reintergrated with the others
RMA9A,HFS,5,0,0,9.1.2,Female,120.16,228.09,37,9,Glutamate,AM251,2,"1.2, 1.2, 1.2, 1.2, 1.2, 1.2",,0,acute animal 9 was fasted from like 10:30 to 2:30 on Monday but mostly asleep and easily reintergrated with the others
RMA9A,HFS,6,0,0,9.1.2,Female,120.16,228.09,37,9,Glutamate,AM251,2,"1.2, 1.2, 1.2, 1.2, 1.2, 1.2",,0,acute animal 9 was fasted from like 10:30 to 2:30 on Monday but mostly asleep and easily reintergrated with the others
RMA9A,HFS,7,0,0,9.1.2,Female,120.16,228.09,37,9,Glutamate,AM251,2,"1.2, 1.2, 1.2, 1.2, 1.2, 1.2",,0,acute animal 9 was fasted from like 10:30 to 2:30 on Monday but mostly asleep and easily reintergrated with the others
RMA9A,HFS,8,0,0,9.1.2,Female,120.16,228.09,37,9,Glutamate,AM251,2,"1.2, 1.2, 1.2, 1.2, 1.2, 1.2",,0,acute animal 9 was fasted from like 10:30 to 2:30 on Monday but mostly asleep and easily reintergrated with the others
RMA9A,HFS,9,0,0,9.1.2,Female,120.16,228.09,37,9,Glutamate,AM251,2,"1.2, 1.2, 1.2, 1.2, 1.2, 1.2",,0,acute animal 9 was fasted from like 10:30 to 2:30 on Monday but mostly asleep and easily reintergrated with the others
RMA9A,HFS,10,0,0,9.1.2,Female,120.16,228.09,37,9,Glutamate,AM251,2,"1.2, 1.2, 1.2, 1.2, 1.2, 1.2",,0,acute animal 9 was fasted from like 10:30 to 2:30 on Monday but mostly asleep and easily reintergrated with the others
RMR8,Baseline,1,0,0,7.5.1,Female,101.74,436,32,NA,Glutamate,Control,3,"1.1, 1.2, 1.2, 1.1, 1.1, 1.1",,NA,
RMR8,Baseline,2,0,0,7.5.1,Female,101.74,436,32,NA,Glutamate,Control,3,"1.1, 1.2, 1.2, 1.1, 1.1, 1.1",,NA,
RMR8,Baseline,3,0,0,7.5.1,Female,101.74,436,32,NA,Glutamate,Control,3,"1.1, 1.2, 1.2, 1.1, 1.1, 1.1",,NA,
RMR8,Baseline,4,0,0,7.5.1,Female,101.74,436,32,NA,Glutamate,Control,3,"1.1, 1.2, 1.2, 1.1, 1.1, 1.1",,NA,
RMR8,Baseline,5,0,0,7.5.1,Female,101.74,436,32,NA,Glutamate,Control,3,"1.1, 1.2, 1.2, 1.1, 1.1, 1.1",,NA,
RMR8,Baseline,6,1,2,7.5.1,Female,101.74,436,32,NA,Glutamate,Control,3,"1.1, 1.2, 1.2, 1.1, 1.1, 1.1",,NA,
RMR8,Baseline,7,5,10,7.5.1,Female,101.74,436,32,NA,Glutamate,Control,3,"1.1, 1.2, 1.2, 1.1, 1.1, 1.1",,NA,
RMR8,Baseline,8,7,14,7.5.1,Female,101.74,436,32,NA,Glutamate,Control,3,"1.1, 1.2, 1.2, 1.1, 1.1, 1.1",,NA,
RMR8,Baseline,9,8,16,7.5.1,Female,101.74,436,32,NA,Glutamate,Control,3,"1.1, 1.2, 1.2, 1.1, 1.1, 1.1",,NA,
RMR8,Baseline,10,10,20,7.5.1,Female,101.74,436,32,NA,Glutamate,Control,3,"1.1, 1.2, 1.2, 1.1, 1.1, 1.1",,NA,
RMR8,HFS,1,0,0,7.5.1,Female,101.74,436,32,NA,Glutamate,Control,3,"1.1, 1.2, 1.2, 1.1, 1.1, 1.1",,NA,
RMR8,HFS,2,0,0,7.5.1,Female,101.74,436,32,NA,Glutamate,Control,3,"1.1, 1.2, 1.2, 1.1, 1.1, 1.1",,NA,
RMR8,HFS,3,0,0,7.5.1,Female,101.74,436,32,NA,Glutamate,Control,3,"1.1, 1.2, 1.2, 1.1, 1.1, 1.1",,NA,
RMR8,HFS,4,0,0,7.5.1,Female,101.74,436,32,NA,Glutamate,Control,3,"1.1, 1.2, 1.2, 1.1, 1.1, 1.1",,NA,
RMR8,HFS,5,0,0,7.5.1,Female,101.74,436,32,NA,Glutamate,Control,3,"1.1, 1.2, 1.2, 1.1, 1.1, 1.1",,NA,
RMR8,HFS,6,0,0,7.5.1,Female,101.74,436,32,NA,Glutamate,Control,3,"1.1, 1.2, 1.2, 1.1, 1.1, 1.1",,NA,
RMR8,HFS,7,0,0,7.5.1,Female,101.74,436,32,NA,Glutamate,Control,3,"1.1, 1.2, 1.2, 1.1, 1.1, 1.1",,NA,
RMR8,HFS,8,1,2,7.5.1,Female,101.74,436,32,NA,Glutamate,Control,3,"1.1, 1.2, 1.2, 1.1, 1.1, 1.1",,NA,
RMR8,HFS,9,3,6,7.5.1,Female,101.74,436,32,NA,Glutamate,Control,3,"1.1, 1.2, 1.2, 1.1, 1.1, 1.1",,NA,
RMR8,HFS,10,6,12,7.5.1,Female,101.74,436,32,NA,Glutamate,Control,3,"1.1, 1.2, 1.2, 1.1, 1.1, 1.1",,NA,
RMR1,Baseline,1,0,0,1.1.6,Female,89.46,552.54,32,NA,Glutamate,Control,3,"2.3, 2.1, 2.1, 2.2, 2.4, 2.4",currents go down before Ra increases,5 (on purpose),
RMR1,Baseline,2,0,0,1.1.6,Female,89.46,552.54,32,NA,Glutamate,Control,3,"2.3, 2.1, 2.1, 2.2, 2.4, 2.4",currents go down before Ra increases,5 (on purpose),
RMR1,Baseline,3,0,0,1.1.6,Female,89.46,552.54,32,NA,Glutamate,Control,3,"2.3, 2.1, 2.1, 2.2, 2.4, 2.4",currents go down before Ra increases,5 (on purpose),
RMR1,Baseline,4,0,0,1.1.6,Female,89.46,552.54,32,NA,Glutamate,Control,3,"2.3, 2.1, 2.1, 2.2, 2.4, 2.4",currents go down before Ra increases,5 (on purpose),
RMR1,Baseline,5,2,4,1.1.6,Female,89.46,552.54,32,NA,Glutamate,Control,3,"2.3, 2.1, 2.1, 2.2, 2.4, 2.4",currents go down before Ra increases,5 (on purpose),
RMR1,Baseline,6,3,6,1.1.6,Female,89.46,552.54,32,NA,Glutamate,Control,3,"2.3, 2.1, 2.1, 2.2, 2.4, 2.4",currents go down before Ra increases,5 (on purpose),
RMR1,Baseline,7,7,14,1.1.6,Female,89.46,552.54,32,NA,Glutamate,Control,3,"2.3, 2.1, 2.1, 2.2, 2.4, 2.4",currents go down before Ra increases,5 (on purpose),
RMR1,Baseline,8,10,20,1.1.6,Female,89.46,552.54,32,NA,Glutamate,Control,3,"2.3, 2.1, 2.1, 2.2, 2.4, 2.4",currents go down before Ra increases,5 (on purpose),
RMR1,Baseline,9,13,26,1.1.6,Female,89.46,552.54,32,NA,Glutamate,Control,3,"2.3, 2.1, 2.1, 2.2, 2.4, 2.4",currents go down before Ra increases,5 (on purpose),
RMR1,Baseline,10,16,32,1.1.6,Female,89.46,552.54,32,NA,Glutamate,Control,3,"2.3, 2.1, 2.1, 2.2, 2.4, 2.4",currents go down before Ra increases,5 (on purpose),
RMR1,HFS,1,0,0,1.1.6,Female,89.46,552.54,32,NA,Glutamate,Control,3,"2.3, 2.1, 2.1, 2.2, 2.4, 2.4",currents go down before Ra increases,5 (on purpose),
RMR1,HFS,2,0,0,1.1.6,Female,89.46,552.54,32,NA,Glutamate,Control,3,"2.3, 2.1, 2.1, 2.2, 2.4, 2.4",currents go down before Ra increases,5 (on purpose),
RMR1,HFS,3,0,0,1.1.6,Female,89.46,552.54,32,NA,Glutamate,Control,3,"2.3, 2.1, 2.1, 2.2, 2.4, 2.4",currents go down before Ra increases,5 (on purpose),
RMR1,HFS,4,0,0,1.1.6,Female,89.46,552.54,32,NA,Glutamate,Control,3,"2.3, 2.1, 2.1, 2.2, 2.4, 2.4",currents go down before Ra increases,5 (on purpose),
RMR1,HFS,5,0,0,1.1.6,Female,89.46,552.54,32,NA,Glutamate,Control,3,"2.3, 2.1, 2.1, 2.2, 2.4, 2.4",currents go down before Ra increases,5 (on purpose),
RMR1,HFS,6,4,8,1.1.6,Female,89.46,552.54,32,NA,Glutamate,Control,3,"2.3, 2.1, 2.1, 2.2, 2.4, 2.4",currents go down before Ra increases,5 (on purpose),
RMR1,HFS,7,8,16,1.1.6,Female,89.46,552.54,32,NA,Glutamate,Control,3,"2.3, 2.1, 2.1, 2.2, 2.4, 2.4",currents go down before Ra increases,5 (on purpose),
RMR1,HFS,8,11,22,1.1.6,Female,89.46,552.54,32,NA,Glutamate,Control,3,"2.3, 2.1, 2.1, 2.2, 2.4, 2.4",currents go down before Ra increases,5 (on purpose),
RMR1,HFS,9,13,26,1.1.6,Female,89.46,552.54,32,NA,Glutamate,Control,3,"2.3, 2.1, 2.1, 2.2, 2.4, 2.4",currents go down before Ra increases,5 (on purpose),
RMR1,HFS,10,15,30,1.1.6,Female,89.46,552.54,32,NA,Glutamate,Control,3,"2.3, 2.1, 2.1, 2.2, 2.4, 2.4",currents go down before Ra increases,5 (on purpose),